scene,t,scope,linear_norm,finite_remainder_norm,full_Q_norm,feedback_Q_norm,local_a_second_norm,quadratic_remainder_norm,full_tangent_numeric_rank,data_dimension,full_tangent_threshold,stable_tangent_rank,old_chart_rank,nuisance_rank,rigorous_feedback_norm_bound,empirical_only,total_outside_full_tangent,feedback_outside_full_tangent,local_outside_full_tangent,total_outside_stable_tangent,feedback_outside_stable_tangent,local_outside_stable_tangent,total_outside_old32_chart,feedback_outside_old32_chart,local_outside_old32_chart,total_outside_calibration_nuisance,feedback_outside_calibration_nuisance,local_outside_calibration_nuisance
2001,0.15,OFFLINE_TRUTH_DIRECTION_MECHANISM_ONLY,3.4130450642691574,0.04479505131330621,0.04559268035913662,0.04910254339913895,0.056517336518808164,0.0008705576852787822,1536,1536,1.1278646071239784e-10,48,32,133,NOT_COMPUTED,True,7.087796074112559e-14,8.824983107842156e-14,9.817608947572968e-14,0.013670542106911593,0.013704402329607405,0.000880049212551901,0.016023913977347374,0.01573412749258487,0.007491826567576836,0.043262459851749833,0.029067551874347754,0.026369850210987544
2001,0.5,OFFLINE_TRUTH_DIRECTION_MECHANISM_ONLY,11.376816880897191,0.479528997722676,0.5065853373237402,0.5455838155459882,0.6279704057645351,0.029619589251870932,1536,1536,1.1278646071239784e-10,48,32,133,NOT_COMPUTED,True,7.876341752981485e-13,9.802615032253807e-13,1.090852432599696e-12,0.15189491229901775,0.15227113699563785,0.009778324583910019,0.1780434886371931,0.17482363880649862,0.08324251741752042,0.48069399835277626,0.3229727986038641,0.29299833567763944
2001,1.0,OFFLINE_TRUTH_DIRECTION_MECHANISM_ONLY,22.753633761794383,1.832247851975418,2.026341349294961,2.182335262183953,2.5118816230581404,0.21350145640206006,1536,1536,1.1278646071239784e-10,48,32,133,NOT_COMPUTED,True,3.150628292519564e-12,3.9210371801085184e-12,4.363610203537245e-12,0.607579649196071,0.6090845479825513,0.039113298335640055,0.7121739545487724,0.6992945552259945,0.3329700696700817,1.922775993411105,1.291891194415456,1.1719933427105576
2003,0.15,OFFLINE_TRUTH_DIRECTION_MECHANISM_ONLY,15.198489840542575,0.7370010666188702,0.759868611204734,0.8952573145935206,0.7758600256109065,0.028379866268903563,1536,1536,1.1276075631291377e-10,46,32,133,NOT_COMPUTED,True,1.4391204094019373e-12,1.8123856672811512e-12,1.5896794292059925e-12,0.14551586308296754,0.14432721641800642,0.010398648841364976,0.24791176915879068,0.25407233865008694,0.16173218609561438,0.7265333151837912,0.6698748657576159,0.31983777991461343
2003,0.5,OFFLINE_TRUTH_DIRECTION_MECHANISM_ONLY,50.66163280180858,7.728733341034639,8.442984568941492,9.947303495483563,8.620666951232295,0.9441921317890977,1536,1536,1.1276075631291377e-10,46,32,133,NOT_COMPUTED,True,1.598973318949471e-11,2.0139291812020284e-11,1.7661467930757455e-11,1.6168429231440844,1.60363573797785,0.1155405426818328,2.7545752128754524,2.8230259850009665,1.797024289951271,8.072592390931012,7.443054063973511,3.553753110162372
2003,1.0,OFFLINE_TRUTH_DIRECTION_MECHANISM_ONLY,101.32326560361716,28.909268918141304,33.77193827576596,39.78921398193425,34.48266780492918,6.879002192387675,1536,1536,1.1276075631291377e-10,46,32,133,NOT_COMPUTED,True,6.395903658258505e-11,8.056006868356956e-11,7.064083732973956e-11,6.467371692576338,6.414542951911399,0.462162170727331,11.018300851501808,11.292103940003866,7.188097159805084,32.29036956372405,29.77221625589404,14.215012440649488
2014,0.15,OFFLINE_TRUTH_DIRECTION_MECHANISM_ONLY,1.5978014944344296,0.09976097525579757,0.10903572117063459,0.026463519984308993,0.12128124392702741,0.00940581784731223,1536,1536,1.128165282842723e-10,48,32,133,NOT_COMPUTED,True,1.7180784517859715e-13,3.987810846766183e-14,1.9007034712016408e-13,0.01798623202039251,0.017774715637580162,0.0024517021223025475,0.032358422037584024,0.018736146637959247,0.028086942816866918,0.0664762575234042,0.014139886962826958,0.0668581621170484
2014,0.5,OFFLINE_TRUTH_DIRECTION_MECHANISM_ONLY,5.3260049814481,0.9327302621272036,1.2115080130070506,0.29403911093676643,1.3475693769669705,0.2823052461021109,1536,1536,1.128165282842723e-10,48,32,133,NOT_COMPUTED,True,1.9092879736192836e-12,4.429384423479822e-13,2.112505746442904e-12,0.1998470224488055,0.19749684041755722,0.027241134692250507,0.3595380226398224,0.20817940708843594,0.3120771424096323,0.7386250835933799,0.15710985514252157,0.7428684679672041
2014,1.0,OFFLINE_TRUTH_DIRECTION_MECHANISM_ONLY,10.6520099628962,3.0739381284109415,4.846032052028202,1.1761564437470657,5.390277507867882,1.791813053856498,1536,1536,1.128165282842723e-10,48,32,133,NOT_COMPUTED,True,7.637033217036103e-12,1.7718366664424144e-12,8.450747951530124e-12,0.7993880897952221,0.7899873616702289,0.108964538769002,1.4381520905592895,0.8327176283537437,1.2483085696385294,2.9545003343735186,0.6284394205700863,2.9714738718688163
2009,0.15,OFFLINE_TRUTH_DIRECTION_MECHANISM_ONLY,5.243835902520465,0.22949733375058573,0.24638797695506837,0.17432458548793606,0.3645541316559693,0.017005233436152938,1536,1536,1.1277646496368877e-10,48,32,133,NOT_COMPUTED,True,3.910009004215094e-13,2.6401124172269943e-13,5.650428406543016e-13,0.04078312915654659,0.040344780360568024,0.006552721849020968,0.08896415789901631,0.06532817626291934,0.11305111020395762,0.1721255160762697,0.08762843875928225,0.16996096833723998
2009,0.5,OFFLINE_TRUTH_DIRECTION_MECHANISM_ONLY,17.47945300840155,2.226808011728074,2.737644188389648,1.9369398387548449,4.050601462844102,0.5151223012665807,1536,1536,1.1277646496368877e-10,48,32,133,NOT_COMPUTED,True,4.3452944724074545e-12,2.933617526871222e-12,6.277285245780832e-12,0.4531458795171844,0.448275337339645,0.07280802054467739,0.988490643322404,0.7258686251435481,1.2561234467106401,1.9125057341807747,0.9736493195475805,1.888455203747111
2009,1.0,OFFLINE_TRUTH_DIRECTION_MECHANISM_ONLY,34.9589060168031,7.655224121245379,10.950576753558591,7.7477593550193795,16.202405851376408,3.328535250089199,1536,1536,1.1277646496368877e-10,48,32,133,NOT_COMPUTED,True,1.7381042740422006e-11,1.173441480594197e-11,2.5109453110040133e-11,1.8125835180687375,1.7931013493585797,0.2912320821787095,3.9539625732896164,2.903474500574193,5.02449378684256,7.650022936723098,3.8945972781903215,7.553820814988444
