scene,method,status,actual_rank,rank_domain,cold_candidate_wall_seconds,cold_encoder_preparation_wall_seconds,shared_receiver_geometry_preparation_seconds,direct_independent_preparation_cold_seconds,cold_complete_encoder_preparation_wall_seconds,cold_probe_evaluation_seconds,encoder_time_scope,common_reference_geometry_seconds,common_decoder_prepare_seconds,transfer_error,decoder_weighted_error,failed_repeats,all_attempt_wall_seconds,counts,counted_rhs_total,solve_forward_rhs,solve_adjoint_rhs,other_operator_rhs,warm_wall_seconds,time_scope
2001,original_opm,OK,32.0,current,3.907153600011952,3.8025061999214813,0.7363376000430435,0.0,12.331331699970178,0.08856299996841699,common declared-reference geometry/state + required shared receiver geometry + cold encoder preparation/export/redundancy audit + direct caller preparation; excludes offline decoder preparation and probe evaluation,7.7924879000056535,8.249160300008953,0.054624550671187065,0.2902444760540012,0,23.478453200077638,"{""cache_write_bytes"": 45122044, ""F_rhs"": 16, ""operator_transfer_bytes"": 18911232, ""F_adjoint_rhs"": 12, ""retained_factorizations"": 1, ""B_rhs"": 24, ""L_rhs"": 62, ""S_adjoint_rhs"": 24, ""L_adjoint_rhs"": 24, ""forcing_rhs"": 6, ""seed_O_input_rhs"": 24, ""qr_columns"": 144, ""svd_calls"": 9, ""seed_P_input_rhs"": 6, ""seed_M_input_rhs"": 24, ""S_rhs"": 32, ""projected_factorizations"": 1, ""compressed_B_current_columns"": 192, ""reduced_core_rhs"": 20736, ""transfer_bytes"": 42467328}",194,0,0,194,"[4.002581199980341, 3.9600500000524335, 3.8458799000363797, 3.8602516999817453, 3.9025368000147864]",candidate construction + evaluation + export; common reference/decoder listed separately
2001,cached_opm,OK,32.0,current,3.809453699970618,3.696855999995023,0.7363376000430435,0.0,12.22568150004372,0.0932586999842897,common declared-reference geometry/state + required shared receiver geometry + cold encoder preparation/export/redundancy audit + direct caller preparation; excludes offline decoder preparation and probe evaluation,7.7924879000056535,8.249160300008953,0.05462455067118702,0.2902444760540009,0,23.432666499982588,"{""cache_write_bytes"": 45122044, ""F_rhs"": 16, ""operator_transfer_bytes"": 9953280, ""F_adjoint_rhs"": 12, ""retained_factorizations"": 1, ""B_rhs"": 24, ""L_rhs"": 32, ""S_adjoint_rhs"": 24, ""forcing_rhs"": 6, ""seed_O_input_rhs"": 24, ""qr_columns"": 144, ""svd_calls"": 9, ""seed_P_input_rhs"": 6, ""seed_M_input_rhs"": 24, ""S_rhs"": 32, ""projected_factorizations"": 1, ""compressed_B_current_columns"": 192, ""reduced_core_rhs"": 20736, ""transfer_bytes"": 42467328}",140,0,0,140,"[3.9495078999898396, 3.919212300039362, 3.915092699986417, 3.844861400022637, 3.9945384999737144]",candidate construction + evaluation + export; common reference/decoder listed separately
2001,source_anchored_opm,OK,24.0,current,3.4784707999788225,3.3669697000295855,0.7363376000430435,0.0,11.895795200078283,0.09156249999068677,common declared-reference geometry/state + required shared receiver geometry + cold encoder preparation/export/redundancy audit + direct caller preparation; excludes offline decoder preparation and probe evaluation,7.7924879000056535,8.249160300008953,0.09673472008380796,0.547224986203929,0,20.992780199972913,"{""cache_write_bytes"": 44458492, ""F_rhs"": 12, ""operator_transfer_bytes"": 7962624, ""F_adjoint_rhs"": 12, ""retained_factorizations"": 1, ""B_rhs"": 24, ""L_rhs"": 24, ""S_adjoint_rhs"": 24, ""forcing_rhs"": 6, ""seed_O_input_rhs"": 24, ""qr_columns"": 140, ""svd_calls"": 10, ""seed_P_input_rhs"": 6, ""seed_M_input_rhs"": 24, ""S_rhs"": 24, ""projected_factorizations"": 1, ""compressed_B_current_columns"": 144, ""reduced_core_rhs"": 20736, ""transfer_bytes"": 42467328}",120,0,0,120,"[3.4862578000174835, 3.495809999993071, 3.499478599987924, 3.498645099985879, 3.5341179000097327]",candidate construction + evaluation + export; common reference/decoder listed separately
2001,source_anchored_om,OK,24.0,current,3.43884740001522,3.3313773998524994,0.7363376000430435,0.0,11.860202899901196,0.0890510999597609,common declared-reference geometry/state + required shared receiver geometry + cold encoder preparation/export/redundancy audit + direct caller preparation; excludes offline decoder preparation and probe evaluation,7.7924879000056535,8.249160300008953,0.09673472008380796,0.547224986203929,0,20.969449200027157,"{""cache_write_bytes"": 44458492, ""F_rhs"": 12, ""operator_transfer_bytes"": 7962624, ""F_adjoint_rhs"": 12, ""retained_factorizations"": 1, ""B_rhs"": 24, ""L_rhs"": 24, ""S_adjoint_rhs"": 24, ""seed_O_input_rhs"": 24, ""qr_columns"": 134, ""svd_calls"": 9, ""seed_M_input_rhs"": 24, ""S_rhs"": 24, ""projected_factorizations"": 1, ""compressed_B_current_columns"": 144, ""reduced_core_rhs"": 20736, ""transfer_bytes"": 42467328}",120,0,0,120,"[3.5523666000226513, 3.471672200015746, 3.490476700011641, 3.4989223999436945, 3.517163900018204]",candidate construction + evaluation + export; common reference/decoder listed separately
2001,mp,OK,24.0,current,3.3082789999898523,3.19693630002439,0.7363376000430435,0.0,11.725761800073087,0.09055650001391768,common declared-reference geometry/state + required shared receiver geometry + cold encoder preparation/export/redundancy audit + direct caller preparation; excludes offline decoder preparation and probe evaluation,7.7924879000056535,8.249160300008953,0.10752391844511806,0.5424482051676495,0,19.838300000003073,"{""cache_write_bytes"": 44458492, ""F_rhs"": 16, ""operator_transfer_bytes"": 7962624, ""F_adjoint_rhs"": 8, ""retained_factorizations"": 1, ""B_rhs"": 24, ""L_rhs"": 24, ""forcing_rhs"": 6, ""qr_columns"": 84, ""svd_calls"": 7, ""seed_P_input_rhs"": 6, ""seed_M_input_rhs"": 24, ""S_rhs"": 24, ""projected_factorizations"": 1, ""compressed_B_current_columns"": 144, ""reduced_core_rhs"": 20736, ""transfer_bytes"": 42467328}",96,0,0,96,"[3.3414594000205398, 3.272035699978005, 3.2440362999914214, 3.3616622000117786, 3.310827400011476]",candidate construction + evaluation + export; common reference/decoder listed separately
2001,m_only,OK,16.0,current,2.913571499986574,2.8061723999562673,0.7363376000430435,0.0,11.334997900004964,0.08995340002002195,common declared-reference geometry/state + required shared receiver geometry + cold encoder preparation/export/redundancy audit + direct caller preparation; excludes offline decoder preparation and probe evaluation,7.7924879000056535,8.249160300008953,0.24131396133813623,0.9462380138100379,0,17.732380699948408,"{""cache_write_bytes"": 43794940, ""F_rhs"": 12, ""operator_transfer_bytes"": 5971968, ""F_adjoint_rhs"": 8, ""retained_factorizations"": 1, ""B_rhs"": 24, ""L_rhs"": 16, ""qr_columns"": 60, ""svd_calls"": 5, ""seed_M_input_rhs"": 24, ""S_rhs"": 16, ""projected_factorizations"": 1, ""compressed_B_current_columns"": 96, ""reduced_core_rhs"": 20736, ""transfer_bytes"": 42467328}",76,0,0,76,"[2.906191400019452, 2.9117494999663904, 3.014979299972765, 2.9916445999988355, 2.9942444000043906]",candidate construction + evaluation + export; common reference/decoder listed separately
2001,randomized_transfer,OK,32.0,data,3.608404900005553,3.548271600040607,0.0,0.0,11.34075950004626,0.05250550003256649,common declared-reference geometry/state + required shared receiver geometry + cold encoder preparation/export/redundancy audit + direct caller preparation; excludes offline decoder preparation and probe evaluation,7.7924879000056535,8.249160300008953,0.1031898639606956,0.9316345321071726,0,20.913961400045082,"{""full_adjoint_calls"": 32, ""solve_adjoint_rhs"": 192, ""S_adjoint_rhs"": 192, ""solve_forward_rhs"": 192, ""cache_write_bytes"": 43746058, ""B_rhs"": 192, ""qr_columns"": 32, ""S_rhs"": 192, ""transfer_bytes"": 42467328}",960,192,192,576,"[3.477628700027708, 3.4567386000417173, 3.4668301999918185, 3.4376843000063673, 3.466674699971918]",candidate construction + evaluation + export; common reference/decoder listed separately
2001,direct_adjoint,OK,nan,exact transfer,5.139490700035822,0.19290109997382388,0.0,4.8468606999958865,12.832249699975364,0.09273380000377074,common declared-reference geometry/state + required shared receiver geometry + cold encoder preparation/export/redundancy audit + direct caller preparation; excludes offline decoder preparation and probe evaluation,7.7924879000056535,8.249160300008953,0.0,0.0,0,1.7628029001061805,"{""full_state_receiver_rhs"": 0, ""full_state_backward_residual_L_rhs"": 0, ""cache_read_bytes"": 42467328, ""L_adjoint_residual_audit_rhs"": 128, ""B_adjoint_rhs"": 768, ""full_LU_factorizations"": 0, ""S_adjoint_rhs"": 128, ""full_state_Goff_rhs"": 0, ""full_forward_calls"": 0, ""full_forward_RHS"": 0, ""L_upload_bytes"": 0, ""solve_adjoint_rhs"": 128, ""cache_write_bytes"": 42467594, ""material_operator_refreshes"": 0}",1024,0,128,896,"[0.2930892999866046, 0.2931417999789119, 0.292967600049451, 0.29548750002868474, 0.29548670002259314]",candidate construction + evaluation + export; common reference/decoder listed separately
2003,original_opm,OK,32.0,current,3.948351399973035,3.838794799929019,0.7512195000308566,0.0,16.428792299935594,0.09267630003159866,common declared-reference geometry/state + required shared receiver geometry + cold encoder preparation/export/redundancy audit + direct caller preparation; excludes offline decoder preparation and probe evaluation,11.838777999975719,7.987446399987675,0.06151660423895073,0.3006205214812591,0,23.488340999931097,"{""cache_write_bytes"": 45122044, ""F_rhs"": 16, ""operator_transfer_bytes"": 18911232, ""F_adjoint_rhs"": 12, ""retained_factorizations"": 1, ""B_rhs"": 24, ""L_rhs"": 62, ""S_adjoint_rhs"": 24, ""L_adjoint_rhs"": 24, ""forcing_rhs"": 6, ""seed_O_input_rhs"": 24, ""qr_columns"": 144, ""svd_calls"": 9, ""seed_P_input_rhs"": 6, ""seed_M_input_rhs"": 24, ""S_rhs"": 32, ""projected_factorizations"": 1, ""compressed_B_current_columns"": 192, ""reduced_core_rhs"": 20736, ""transfer_bytes"": 42467328}",194,0,0,194,"[3.8948686000076123, 3.874254899972584, 3.918538499972783, 3.996697900001891, 3.855629700003192]",candidate construction + evaluation + export; common reference/decoder listed separately
2003,cached_opm,OK,32.0,current,3.8818362000165507,3.7717400999972597,0.7512195000308566,0.0,16.361737600003835,0.0917644000146538,common declared-reference geometry/state + required shared receiver geometry + cold encoder preparation/export/redundancy audit + direct caller preparation; excludes offline decoder preparation and probe evaluation,11.838777999975719,7.987446399987675,0.061516604238950716,0.300620521481259,0,22.92969640000956,"{""cache_write_bytes"": 45122044, ""F_rhs"": 16, ""operator_transfer_bytes"": 9953280, ""F_adjoint_rhs"": 12, ""retained_factorizations"": 1, ""B_rhs"": 24, ""L_rhs"": 32, ""S_adjoint_rhs"": 24, ""forcing_rhs"": 6, ""seed_O_input_rhs"": 24, ""qr_columns"": 144, ""svd_calls"": 9, ""seed_P_input_rhs"": 6, ""seed_M_input_rhs"": 24, ""S_rhs"": 32, ""projected_factorizations"": 1, ""compressed_B_current_columns"": 192, ""reduced_core_rhs"": 20736, ""transfer_bytes"": 42467328}",140,0,0,140,"[3.8603528999956325, 3.7122684000059962, 3.851224699988961, 3.766580299998168, 3.857433900004253]",candidate construction + evaluation + export; common reference/decoder listed separately
2003,source_anchored_opm,OK,24.0,current,3.5959872999810614,3.488777399994433,0.7512195000308566,0.0,16.078774900001008,0.09080259996699169,common declared-reference geometry/state + required shared receiver geometry + cold encoder preparation/export/redundancy audit + direct caller preparation; excludes offline decoder preparation and probe evaluation,11.838777999975719,7.987446399987675,0.10411611131650628,0.47168375119371014,0,21.121143400028814,"{""cache_write_bytes"": 44458492, ""F_rhs"": 12, ""operator_transfer_bytes"": 7962624, ""F_adjoint_rhs"": 12, ""retained_factorizations"": 1, ""B_rhs"": 24, ""L_rhs"": 24, ""S_adjoint_rhs"": 24, ""forcing_rhs"": 6, ""seed_O_input_rhs"": 24, ""qr_columns"": 140, ""svd_calls"": 10, ""seed_P_input_rhs"": 6, ""seed_M_input_rhs"": 24, ""S_rhs"": 24, ""projected_factorizations"": 1, ""compressed_B_current_columns"": 144, ""reduced_core_rhs"": 20736, ""transfer_bytes"": 42467328}",120,0,0,120,"[3.4942168000270613, 3.523664899985306, 3.4303087000153027, 3.510165199986659, 3.5668005000334233]",candidate construction + evaluation + export; common reference/decoder listed separately
2003,source_anchored_om,OK,24.0,current,3.4928114999784157,3.381795799941756,0.7512195000308566,0.0,15.971793299948331,0.0917201999691315,common declared-reference geometry/state + required shared receiver geometry + cold encoder preparation/export/redundancy audit + direct caller preparation; excludes offline decoder preparation and probe evaluation,11.838777999975719,7.987446399987675,0.10411611131650628,0.47168375119371014,0,21.00910590001149,"{""cache_write_bytes"": 44458492, ""F_rhs"": 12, ""operator_transfer_bytes"": 7962624, ""F_adjoint_rhs"": 12, ""retained_factorizations"": 1, ""B_rhs"": 24, ""L_rhs"": 24, ""S_adjoint_rhs"": 24, ""seed_O_input_rhs"": 24, ""qr_columns"": 134, ""svd_calls"": 9, ""seed_M_input_rhs"": 24, ""S_rhs"": 24, ""projected_factorizations"": 1, ""compressed_B_current_columns"": 144, ""reduced_core_rhs"": 20736, ""transfer_bytes"": 42467328}",120,0,0,120,"[3.4967591000022367, 3.4937687000492588, 3.522569000022486, 3.4946657000109553, 3.5085318999481387]",candidate construction + evaluation + export; common reference/decoder listed separately
2003,mp,OK,24.0,current,3.3145060000242665,3.2039426999981515,0.7512195000308566,0.0,15.793940200004727,0.09300920000532642,common declared-reference geometry/state + required shared receiver geometry + cold encoder preparation/export/redundancy audit + direct caller preparation; excludes offline decoder preparation and probe evaluation,11.838777999975719,7.987446399987675,0.11715337365497062,0.49501333253286006,0,19.853444100008346,"{""cache_write_bytes"": 44458492, ""F_rhs"": 16, ""operator_transfer_bytes"": 7962624, ""F_adjoint_rhs"": 8, ""retained_factorizations"": 1, ""B_rhs"": 24, ""L_rhs"": 24, ""forcing_rhs"": 6, ""qr_columns"": 84, ""svd_calls"": 7, ""seed_P_input_rhs"": 6, ""seed_M_input_rhs"": 24, ""S_rhs"": 24, ""projected_factorizations"": 1, ""compressed_B_current_columns"": 144, ""reduced_core_rhs"": 20736, ""transfer_bytes"": 42467328}",96,0,0,96,"[3.2681438000290655, 3.321048100013286, 3.2573124000336975, 3.3940586999524385, 3.2983750999555923]",candidate construction + evaluation + export; common reference/decoder listed separately
2003,m_only,OK,16.0,current,2.9328416000353172,2.8215162999695167,0.7512195000308566,0.0,15.411513799976092,0.09380349999992177,common declared-reference geometry/state + required shared receiver geometry + cold encoder preparation/export/redundancy audit + direct caller preparation; excludes offline decoder preparation and probe evaluation,11.838777999975719,7.987446399987675,0.24569988399949766,1.013522207333382,0,17.598044700047467,"{""cache_write_bytes"": 43794940, ""F_rhs"": 12, ""operator_transfer_bytes"": 5971968, ""F_adjoint_rhs"": 8, ""retained_factorizations"": 1, ""B_rhs"": 24, ""L_rhs"": 16, ""qr_columns"": 60, ""svd_calls"": 5, ""seed_M_input_rhs"": 24, ""S_rhs"": 16, ""projected_factorizations"": 1, ""compressed_B_current_columns"": 96, ""reduced_core_rhs"": 20736, ""transfer_bytes"": 42467328}",76,0,0,76,"[2.92147699999623, 2.905348700005561, 2.901497400016524, 2.9188031999510713, 3.0180768000427634]",candidate construction + evaluation + export; common reference/decoder listed separately
2003,randomized_transfer,OK,32.0,data,3.630244300002232,3.531834700028412,0.0,0.0,15.37061270000413,0.09103599999798462,common declared-reference geometry/state + required shared receiver geometry + cold encoder preparation/export/redundancy audit + direct caller preparation; excludes offline decoder preparation and probe evaluation,11.838777999975719,7.987446399987675,0.0958825412570055,0.8648694251636115,0,20.51111630006926,"{""full_adjoint_calls"": 32, ""solve_adjoint_rhs"": 192, ""S_adjoint_rhs"": 192, ""solve_forward_rhs"": 192, ""cache_write_bytes"": 43746058, ""B_rhs"": 192, ""qr_columns"": 32, ""S_rhs"": 192, ""transfer_bytes"": 42467328}",960,192,192,576,"[3.3846629000036046, 3.3913081000209786, 3.385263300035149, 3.344835099996999, 3.374802600010298]",candidate construction + evaluation + export; common reference/decoder listed separately
2003,direct_adjoint,OK,nan,exact transfer,5.072509999969043,0.18684330000542104,0.0,4.792140399978962,16.8177616999601,0.08869959996081889,common declared-reference geometry/state + required shared receiver geometry + cold encoder preparation/export/redundancy audit + direct caller preparation; excludes offline decoder preparation and probe evaluation,11.838777999975719,7.987446399987675,0.0,0.0,0,1.7123412999790162,"{""B_adjoint_rhs"": 768, ""decoder_prepare_compact_SVD"": 0, ""G_rhs"": 0, ""full_tangent_receiver_rhs"": 0, ""compressed_B_current_columns"": 0, ""L_adjoint_actions"": 0, ""B_rhs"": 0, ""qr_columns"": 0, ""cache_write_bytes"": 42467594, ""F_adjoint_actions"": 0, ""reduced_core_rhs"": 0, ""full_state_backward_residual_L_rhs"": 0, ""solve_forward_rhs"": 0, ""forcing_rhs"": 0, ""decoder_matrix_bytes"": 0, ""S_rhs"": 0, ""full_adjoint_receiver_rhs"": 0, ""full_adjoint_calls"": 0, ""full_state_Goff_rhs"": 0, ""full_tangent_calls"": 0, ""Maxwell_matvec_rhs"": 0, ""full_forward_calls"": 0, ""full_forward_RHS"": 0, ""L_upload_bytes"": 0, ""S_adjoint_actions"": 0, ""solve_adjoint_rhs"": 128, ""operator_transfer_bytes"": 0, ""cache_read_bytes"": 42467328, ""receiver_SVD_builds"": 0, ""S_adjoint_rhs"": 128, ""projected_factorizations"": 0, ""full_adjoint_RHS"": 0, ""svd_calls"": 0, ""S_actions"": 0, ""full_LU_factorizations"": 0, ""full_state_receiver_rhs"": 0, ""material_operator_refreshes"": 0, ""retained_factorizations"": 0, ""transfer_bytes"": 0, ""L_adjoint_residual_audit_rhs"": 128, ""seed_O_input_rhs"": 0, ""seed_P_input_rhs"": 0, ""F_actions"": 0, ""L_actions"": 0, ""seed_M_input_rhs"": 0, ""full_tangent_RHS"": 0}",1024,0,128,896,"[0.28396309999516234, 0.2905635999632068, 0.28335789998527616, 0.2878377999877557, 0.28624930005753413]",candidate construction + evaluation + export; common reference/decoder listed separately
2014,original_opm,OK,32.0,current,3.9287222999846563,3.823797999881208,0.7303735999739729,0.0,14.99536359985359,0.08953759999712929,common declared-reference geometry/state + required shared receiver geometry + cold encoder preparation/export/redundancy audit + direct caller preparation; excludes offline decoder preparation and probe evaluation,10.44119199999841,7.902921699977014,0.048642795147722524,0.2582975146696878,0,23.520581499964464,"{""cache_write_bytes"": 45122044, ""F_rhs"": 16, ""operator_transfer_bytes"": 18911232, ""F_adjoint_rhs"": 12, ""retained_factorizations"": 1, ""B_rhs"": 24, ""L_rhs"": 62, ""S_adjoint_rhs"": 24, ""L_adjoint_rhs"": 24, ""forcing_rhs"": 6, ""seed_O_input_rhs"": 24, ""qr_columns"": 144, ""svd_calls"": 9, ""seed_P_input_rhs"": 6, ""seed_M_input_rhs"": 24, ""S_rhs"": 32, ""projected_factorizations"": 1, ""compressed_B_current_columns"": 192, ""reduced_core_rhs"": 20736, ""transfer_bytes"": 42467328}",194,0,0,194,"[3.987636499979999, 3.87232349999249, 3.914251200039871, 3.8855445999652147, 3.9321034000022337]",candidate construction + evaluation + export; common reference/decoder listed separately
2014,cached_opm,OK,32.0,current,3.8800492999725975,3.7713882999960333,0.7303735999739729,0.0,14.942953899968415,0.09135890001198277,common declared-reference geometry/state + required shared receiver geometry + cold encoder preparation/export/redundancy audit + direct caller preparation; excludes offline decoder preparation and probe evaluation,10.44119199999841,7.902921699977014,0.0486427951477225,0.25829751466968776,0,23.19684580003377,"{""cache_write_bytes"": 45122044, ""F_rhs"": 16, ""operator_transfer_bytes"": 9953280, ""F_adjoint_rhs"": 12, ""retained_factorizations"": 1, ""B_rhs"": 24, ""L_rhs"": 32, ""S_adjoint_rhs"": 24, ""forcing_rhs"": 6, ""seed_O_input_rhs"": 24, ""qr_columns"": 144, ""svd_calls"": 9, ""seed_P_input_rhs"": 6, ""seed_M_input_rhs"": 24, ""S_rhs"": 32, ""projected_factorizations"": 1, ""compressed_B_current_columns"": 192, ""reduced_core_rhs"": 20736, ""transfer_bytes"": 42467328}",140,0,0,140,"[3.884131900034845, 3.8823147999937646, 3.8357755000470206, 3.7617625999846496, 3.9528117000008933]",candidate construction + evaluation + export; common reference/decoder listed separately
2014,source_anchored_opm,OK,24.0,current,3.485709599975962,3.3797091000596993,0.7303735999739729,0.0,14.551274700032081,0.08725110004888847,common declared-reference geometry/state + required shared receiver geometry + cold encoder preparation/export/redundancy audit + direct caller preparation; excludes offline decoder preparation and probe evaluation,10.44119199999841,7.902921699977014,0.09904766857840051,0.43727206470229024,0,21.055798399960622,"{""cache_write_bytes"": 44458492, ""F_rhs"": 12, ""operator_transfer_bytes"": 7962624, ""F_adjoint_rhs"": 12, ""retained_factorizations"": 1, ""B_rhs"": 24, ""L_rhs"": 24, ""S_adjoint_rhs"": 24, ""forcing_rhs"": 6, ""seed_O_input_rhs"": 24, ""qr_columns"": 140, ""svd_calls"": 10, ""seed_P_input_rhs"": 6, ""seed_M_input_rhs"": 24, ""S_rhs"": 24, ""projected_factorizations"": 1, ""compressed_B_current_columns"": 144, ""reduced_core_rhs"": 20736, ""transfer_bytes"": 42467328}",120,0,0,120,"[3.4895050000050105, 3.5009347000159323, 3.5100475000217557, 3.58184399997117, 3.4877575999707915]",candidate construction + evaluation + export; common reference/decoder listed separately
2014,source_anchored_om,OK,24.0,current,3.543832499999553,3.4333245000452735,0.7303735999739729,0.0,14.604890100017656,0.09133229998406023,common declared-reference geometry/state + required shared receiver geometry + cold encoder preparation/export/redundancy audit + direct caller preparation; excludes offline decoder preparation and probe evaluation,10.44119199999841,7.902921699977014,0.09904766857840051,0.43727206470229024,0,21.009792600059882,"{""cache_write_bytes"": 44458492, ""F_rhs"": 12, ""operator_transfer_bytes"": 7962624, ""F_adjoint_rhs"": 12, ""retained_factorizations"": 1, ""B_rhs"": 24, ""L_rhs"": 24, ""S_adjoint_rhs"": 24, ""seed_O_input_rhs"": 24, ""qr_columns"": 134, ""svd_calls"": 9, ""seed_M_input_rhs"": 24, ""S_rhs"": 24, ""projected_factorizations"": 1, ""compressed_B_current_columns"": 144, ""reduced_core_rhs"": 20736, ""transfer_bytes"": 42467328}",120,0,0,120,"[3.4333745000185445, 3.534051200025715, 3.480629099998623, 3.507192599994596, 3.51071270002285]",candidate construction + evaluation + export; common reference/decoder listed separately
2014,mp,OK,24.0,current,3.302561799995601,3.191727799945511,0.7303735999739729,0.0,14.363293399917893,0.09221679996699095,common declared-reference geometry/state + required shared receiver geometry + cold encoder preparation/export/redundancy audit + direct caller preparation; excludes offline decoder preparation and probe evaluation,10.44119199999841,7.902921699977014,0.11093005564206422,0.48639055814600274,0,19.829609699896537,"{""cache_write_bytes"": 44458492, ""F_rhs"": 16, ""operator_transfer_bytes"": 7962624, ""F_adjoint_rhs"": 8, ""retained_factorizations"": 1, ""B_rhs"": 24, ""L_rhs"": 24, ""forcing_rhs"": 6, ""qr_columns"": 84, ""svd_calls"": 7, ""seed_P_input_rhs"": 6, ""seed_M_input_rhs"": 24, ""S_rhs"": 24, ""projected_factorizations"": 1, ""compressed_B_current_columns"": 144, ""reduced_core_rhs"": 20736, ""transfer_bytes"": 42467328}",96,0,0,96,"[3.323399899993092, 3.329184999980498, 3.3037674999795854, 3.218641099985689, 3.3520543999620713]",candidate construction + evaluation + export; common reference/decoder listed separately
2014,m_only,OK,16.0,current,2.953529399994295,2.8477114000124857,0.7303735999739729,0.0,14.019276999984868,0.09032199997454882,common declared-reference geometry/state + required shared receiver geometry + cold encoder preparation/export/redundancy audit + direct caller preparation; excludes offline decoder preparation and probe evaluation,10.44119199999841,7.902921699977014,0.25296076595056477,0.9018839019202629,0,17.490547699911986,"{""cache_write_bytes"": 43794940, ""F_rhs"": 12, ""operator_transfer_bytes"": 5971968, ""F_adjoint_rhs"": 8, ""retained_factorizations"": 1, ""B_rhs"": 24, ""L_rhs"": 16, ""qr_columns"": 60, ""svd_calls"": 5, ""seed_M_input_rhs"": 24, ""S_rhs"": 16, ""projected_factorizations"": 1, ""compressed_B_current_columns"": 96, ""reduced_core_rhs"": 20736, ""transfer_bytes"": 42467328}",76,0,0,76,"[2.917866599978879, 2.8991691999835894, 2.941417600028217, 2.8793438999564387, 2.8992209999705665]",candidate construction + evaluation + export; common reference/decoder listed separately
2014,randomized_transfer,OK,32.0,data,3.688804099976551,3.5881621000589803,0.0,0.0,14.02935410005739,0.09326970000984147,common declared-reference geometry/state + required shared receiver geometry + cold encoder preparation/export/redundancy audit + direct caller preparation; excludes offline decoder preparation and probe evaluation,10.44119199999841,7.902921699977014,0.11704476579180507,1.021701834608042,0,20.838225000014063,"{""full_adjoint_calls"": 32, ""solve_adjoint_rhs"": 192, ""S_adjoint_rhs"": 192, ""solve_forward_rhs"": 192, ""cache_write_bytes"": 43746058, ""B_rhs"": 192, ""qr_columns"": 32, ""S_rhs"": 192, ""transfer_bytes"": 42467328}",960,192,192,576,"[3.4427643000381067, 3.4398562000133097, 3.4171555999782868, 3.4288770999992266, 3.4207677000085823]",candidate construction + evaluation + export; common reference/decoder listed separately
2014,direct_adjoint,OK,nan,exact transfer,5.181590999942273,0.1780680000083521,0.0,4.907134199980646,15.526394199987408,0.08917890000157058,common declared-reference geometry/state + required shared receiver geometry + cold encoder preparation/export/redundancy audit + direct caller preparation; excludes offline decoder preparation and probe evaluation,10.44119199999841,7.902921699977014,0.0,0.0,0,1.6722153999726288,"{""B_adjoint_rhs"": 768, ""decoder_prepare_compact_SVD"": 0, ""G_rhs"": 0, ""full_tangent_receiver_rhs"": 0, ""compressed_B_current_columns"": 0, ""L_adjoint_actions"": 0, ""B_rhs"": 0, ""qr_columns"": 0, ""cache_write_bytes"": 42467594, ""F_adjoint_actions"": 0, ""reduced_core_rhs"": 0, ""full_state_backward_residual_L_rhs"": 0, ""solve_forward_rhs"": 0, ""forcing_rhs"": 0, ""decoder_matrix_bytes"": 0, ""S_rhs"": 0, ""full_adjoint_receiver_rhs"": 0, ""full_adjoint_calls"": 0, ""full_state_Goff_rhs"": 0, ""full_tangent_calls"": 0, ""Maxwell_matvec_rhs"": 0, ""full_forward_calls"": 0, ""full_forward_RHS"": 0, ""L_upload_bytes"": 0, ""S_adjoint_actions"": 0, ""solve_adjoint_rhs"": 128, ""operator_transfer_bytes"": 0, ""cache_read_bytes"": 42467328, ""receiver_SVD_builds"": 0, ""S_adjoint_rhs"": 128, ""projected_factorizations"": 0, ""full_adjoint_RHS"": 0, ""svd_calls"": 0, ""S_actions"": 0, ""full_LU_factorizations"": 0, ""full_state_receiver_rhs"": 0, ""material_operator_refreshes"": 0, ""retained_factorizations"": 0, ""transfer_bytes"": 0, ""L_adjoint_residual_audit_rhs"": 128, ""seed_O_input_rhs"": 0, ""seed_P_input_rhs"": 0, ""F_actions"": 0, ""L_actions"": 0, ""seed_M_input_rhs"": 0, ""full_tangent_RHS"": 0}",1024,0,128,896,"[0.27962899999693036, 0.2766682999790646, 0.2806857000105083, 0.27971750003052875, 0.28105809999397025]",candidate construction + evaluation + export; common reference/decoder listed separately
2009,original_opm,OK,32.0,current,3.9266473000170663,3.8189617000170983,0.7486763999913819,0.0,14.684433300048113,0.09154759999364614,common declared-reference geometry/state + required shared receiver geometry + cold encoder preparation/export/redundancy audit + direct caller preparation; excludes offline decoder preparation and probe evaluation,10.116795200039633,7.877123600046616,0.04938148359954425,0.24587283180495798,0,23.317065400071442,"{""cache_write_bytes"": 45122044, ""F_rhs"": 16, ""operator_transfer_bytes"": 18911232, ""F_adjoint_rhs"": 12, ""retained_factorizations"": 1, ""B_rhs"": 24, ""L_rhs"": 62, ""S_adjoint_rhs"": 24, ""L_adjoint_rhs"": 24, ""forcing_rhs"": 6, ""seed_O_input_rhs"": 24, ""qr_columns"": 144, ""svd_calls"": 9, ""seed_P_input_rhs"": 6, ""seed_M_input_rhs"": 24, ""S_rhs"": 32, ""projected_factorizations"": 1, ""compressed_B_current_columns"": 192, ""reduced_core_rhs"": 20736, ""transfer_bytes"": 42467328}",194,0,0,194,"[3.9398641000152566, 3.8985424000420608, 3.8764233000110835, 3.860190099978354, 3.815398200007621]",candidate construction + evaluation + export; common reference/decoder listed separately
2009,cached_opm,OK,32.0,current,3.8407037000288256,3.7282786000869237,0.7486763999913819,0.0,14.593750200117938,0.094935400004033,common declared-reference geometry/state + required shared receiver geometry + cold encoder preparation/export/redundancy audit + direct caller preparation; excludes offline decoder preparation and probe evaluation,10.116795200039633,7.877123600046616,0.049381483599544224,0.24587283180495784,0,23.024904899997637,"{""cache_write_bytes"": 45122044, ""F_rhs"": 16, ""operator_transfer_bytes"": 9953280, ""F_adjoint_rhs"": 12, ""retained_factorizations"": 1, ""B_rhs"": 24, ""L_rhs"": 32, ""S_adjoint_rhs"": 24, ""forcing_rhs"": 6, ""seed_O_input_rhs"": 24, ""qr_columns"": 144, ""svd_calls"": 9, ""seed_P_input_rhs"": 6, ""seed_M_input_rhs"": 24, ""S_rhs"": 32, ""projected_factorizations"": 1, ""compressed_B_current_columns"": 192, ""reduced_core_rhs"": 20736, ""transfer_bytes"": 42467328}",140,0,0,140,"[3.7383931999793276, 3.784177499997895, 3.862425400002394, 3.9086663000052795, 3.890538799983915]",candidate construction + evaluation + export; common reference/decoder listed separately
2009,source_anchored_opm,OK,24.0,current,3.601922600006219,3.5085578000871465,0.7486763999913819,0.0,14.374029400118161,0.07680089998757467,common declared-reference geometry/state + required shared receiver geometry + cold encoder preparation/export/redundancy audit + direct caller preparation; excludes offline decoder preparation and probe evaluation,10.116795200039633,7.877123600046616,0.09875997323810352,0.4418126651069738,0,21.093329400056973,"{""cache_write_bytes"": 44458492, ""F_rhs"": 12, ""operator_transfer_bytes"": 7962624, ""F_adjoint_rhs"": 12, ""retained_factorizations"": 1, ""B_rhs"": 24, ""L_rhs"": 24, ""S_adjoint_rhs"": 24, ""forcing_rhs"": 6, ""seed_O_input_rhs"": 24, ""qr_columns"": 140, ""svd_calls"": 10, ""seed_P_input_rhs"": 6, ""seed_M_input_rhs"": 24, ""S_rhs"": 24, ""projected_factorizations"": 1, ""compressed_B_current_columns"": 144, ""reduced_core_rhs"": 20736, ""transfer_bytes"": 42467328}",120,0,0,120,"[3.5168112000101246, 3.4292294000042602, 3.538278700027149, 3.5581843000254594, 3.4489031999837607]",candidate construction + evaluation + export; common reference/decoder listed separately
2009,source_anchored_om,OK,24.0,current,3.4363895999849774,3.3284319000667892,0.7486763999913819,0.0,14.193903500097804,0.08962460001930594,common declared-reference geometry/state + required shared receiver geometry + cold encoder preparation/export/redundancy audit + direct caller preparation; excludes offline decoder preparation and probe evaluation,10.116795200039633,7.877123600046616,0.09875997323810352,0.4418126651069738,0,21.019628099980764,"{""cache_write_bytes"": 44458492, ""F_rhs"": 12, ""operator_transfer_bytes"": 7962624, ""F_adjoint_rhs"": 12, ""retained_factorizations"": 1, ""B_rhs"": 24, ""L_rhs"": 24, ""S_adjoint_rhs"": 24, ""seed_O_input_rhs"": 24, ""qr_columns"": 134, ""svd_calls"": 9, ""seed_M_input_rhs"": 24, ""S_rhs"": 24, ""projected_factorizations"": 1, ""compressed_B_current_columns"": 144, ""reduced_core_rhs"": 20736, ""transfer_bytes"": 42467328}",120,0,0,120,"[3.5306133000412956, 3.552593300002627, 3.480703499983065, 3.5178575000027195, 3.5014708999660797]",candidate construction + evaluation + export; common reference/decoder listed separately
2009,mp,OK,24.0,current,3.272045199992135,3.162822100101039,0.7486763999913819,0.0,14.028293700132053,0.09032219997607172,common declared-reference geometry/state + required shared receiver geometry + cold encoder preparation/export/redundancy audit + direct caller preparation; excludes offline decoder preparation and probe evaluation,10.116795200039633,7.877123600046616,0.10748716932826473,0.44271892160110515,0,19.835038399964105,"{""cache_write_bytes"": 44458492, ""F_rhs"": 16, ""operator_transfer_bytes"": 7962624, ""F_adjoint_rhs"": 8, ""retained_factorizations"": 1, ""B_rhs"": 24, ""L_rhs"": 24, ""forcing_rhs"": 6, ""qr_columns"": 84, ""svd_calls"": 7, ""seed_P_input_rhs"": 6, ""seed_M_input_rhs"": 24, ""S_rhs"": 24, ""projected_factorizations"": 1, ""compressed_B_current_columns"": 144, ""reduced_core_rhs"": 20736, ""transfer_bytes"": 42467328}",96,0,0,96,"[3.3264451999566518, 3.2985974000184797, 3.3783838999806903, 3.2710191999794915, 3.288547500036657]",candidate construction + evaluation + export; common reference/decoder listed separately
2009,m_only,OK,16.0,current,2.9315192000358365,2.825382999901194,0.7486763999913819,0.0,13.690854599932209,0.09098660002928227,common declared-reference geometry/state + required shared receiver geometry + cold encoder preparation/export/redundancy audit + direct caller preparation; excludes offline decoder preparation and probe evaluation,10.116795200039633,7.877123600046616,0.24806615521677003,0.9425215852297771,0,17.533832599991,"{""cache_write_bytes"": 43794940, ""F_rhs"": 12, ""operator_transfer_bytes"": 5971968, ""F_adjoint_rhs"": 8, ""retained_factorizations"": 1, ""B_rhs"": 24, ""L_rhs"": 16, ""qr_columns"": 60, ""svd_calls"": 5, ""seed_M_input_rhs"": 24, ""S_rhs"": 16, ""projected_factorizations"": 1, ""compressed_B_current_columns"": 96, ""reduced_core_rhs"": 20736, ""transfer_bytes"": 42467328}",76,0,0,76,"[2.9322535999817774, 2.854668399959337, 2.9934218000271358, 2.8843794999993406, 2.937590099987574]",candidate construction + evaluation + export; common reference/decoder listed separately
2009,randomized_transfer,OK,32.0,data,3.5988870000001043,3.498076800024137,0.0,0.0,13.61487200006377,0.0916709000011906,common declared-reference geometry/state + required shared receiver geometry + cold encoder preparation/export/redundancy audit + direct caller preparation; excludes offline decoder preparation and probe evaluation,10.116795200039633,7.877123600046616,0.09775993384128609,0.8884220313770684,0,20.736593100009486,"{""full_adjoint_calls"": 32, ""solve_adjoint_rhs"": 192, ""S_adjoint_rhs"": 192, ""solve_forward_rhs"": 192, ""cache_write_bytes"": 43746058, ""B_rhs"": 192, ""qr_columns"": 32, ""S_rhs"": 192, ""transfer_bytes"": 42467328}",960,192,192,576,"[3.403976999979932, 3.4144499000394717, 3.4369768999749795, 3.4301555000129156, 3.452146800002083]",candidate construction + evaluation + export; common reference/decoder listed separately
2009,direct_adjoint,OK,nan,exact transfer,5.004599699983373,0.1659555999794975,0.0,4.740996100008488,15.023746900027618,0.09066190000157803,common declared-reference geometry/state + required shared receiver geometry + cold encoder preparation/export/redundancy audit + direct caller preparation; excludes offline decoder preparation and probe evaluation,10.116795200039633,7.877123600046616,0.0,0.0,0,1.6784627999877557,"{""B_adjoint_rhs"": 768, ""decoder_prepare_compact_SVD"": 0, ""G_rhs"": 0, ""full_tangent_receiver_rhs"": 0, ""compressed_B_current_columns"": 0, ""L_adjoint_actions"": 0, ""B_rhs"": 0, ""qr_columns"": 0, ""cache_write_bytes"": 42467594, ""F_adjoint_actions"": 0, ""reduced_core_rhs"": 0, ""full_state_backward_residual_L_rhs"": 0, ""solve_forward_rhs"": 0, ""forcing_rhs"": 0, ""decoder_matrix_bytes"": 0, ""S_rhs"": 0, ""full_adjoint_receiver_rhs"": 0, ""full_adjoint_calls"": 0, ""full_state_Goff_rhs"": 0, ""full_tangent_calls"": 0, ""Maxwell_matvec_rhs"": 0, ""full_forward_calls"": 0, ""full_forward_RHS"": 0, ""L_upload_bytes"": 0, ""S_adjoint_actions"": 0, ""solve_adjoint_rhs"": 128, ""operator_transfer_bytes"": 0, ""cache_read_bytes"": 42467328, ""receiver_SVD_builds"": 0, ""S_adjoint_rhs"": 128, ""projected_factorizations"": 0, ""full_adjoint_RHS"": 0, ""svd_calls"": 0, ""S_actions"": 0, ""full_LU_factorizations"": 0, ""full_state_receiver_rhs"": 0, ""material_operator_refreshes"": 0, ""retained_factorizations"": 0, ""transfer_bytes"": 0, ""L_adjoint_residual_audit_rhs"": 128, ""seed_O_input_rhs"": 0, ""seed_P_input_rhs"": 0, ""F_actions"": 0, ""L_actions"": 0, ""seed_M_input_rhs"": 0, ""full_tangent_RHS"": 0}",1024,0,128,896,"[0.2855242000077851, 0.2851589000201784, 0.2815303999814205, 0.28418640000745654, 0.2784592999960296]",candidate construction + evaluation + export; common reference/decoder listed separately
