scene,t,noise,method,published_status,image_reference,minimum_real_chi,maximum_real_chi,minimum_imag_chi,maximum_imag_chi,real_below_frozen_lower_minus_1e_10_count,imag_below_frozen_lower_minus_1e_10_count,physical_real_lower,physical_imag_lower,feasibility_tolerance,nonfinite_cell_count,physical_violation,published_physical_violation,physical_violation_matches_published_value,boundary_rejection_matches_published_status,status_comparison_scope,clipping_applied
2001,1.0,20dB_calibration,dressed_linear_chi,REJECTED_PHYSICAL,results/a23/images/scene_2001_calibration.npz,-0.09414913153843477,0.3744719150143364,-0.2365874212835606,0.21853487669618737,0,310,-0.5,0.0,1e-10,0,0.2365874212835606,0.2365874212835606,True,True,material bounds/nonfinite only; constitutive-pole checks are not rerun,False
2001,1.0,20dB_calibration,vanilla_IBS2,REJECTED_PHYSICAL,results/a23/images/scene_2001_calibration.npz,-0.09219183209180917,0.38730672974084723,-0.24534501429751246,0.23021453522882096,0,329,-0.5,0.0,1e-10,0,0.24534501429751246,0.24534501429751246,True,True,material bounds/nonfinite only; constitutive-pole checks are not rerun,False
2001,1.0,20dB_calibration,A23_compressed_feedback,REJECTED_PHYSICAL,results/a23/images/scene_2001_calibration.npz,-0.07104059264126131,0.37464528173811695,-0.25180028507443475,0.25196841414188353,0,356,-0.5,0.0,1e-10,0,0.25180028507443475,0.25180028507443475,True,True,material bounds/nonfinite only; constitutive-pole checks are not rerun,False
2001,0.15,20dB_nominal_difference,homogeneous_born,REJECTED_PHYSICAL,results/a23/images/scene_2001_t0.15_20dB_nominal_difference.npz,0.006545691293710354,0.1478970824155673,-0.04101504003401626,0.09101688460841034,0,28,-0.5,0.0,1e-10,0,0.04101504003401626,0.04101504003401626,True,True,material bounds/nonfinite only; constitutive-pole checks are not rerun,False
2001,0.15,20dB_nominal_difference,born_BP,OK,results/a23/images/scene_2001_t0.15_20dB_nominal_difference.npz,0.10169337933860302,0.11816900740649597,0.03327242431851119,0.05028289676256894,0,0,-0.5,0.0,1e-10,0,0.0,0.0,True,True,material bounds/nonfinite only; constitutive-pole checks are not rerun,False
2001,0.15,20dB_nominal_difference,dressed_linear_chi,REJECTED_PHYSICAL,results/a23/images/scene_2001_t0.15_20dB_nominal_difference.npz,0.008978762461538822,0.15362143759796312,-0.04103732510960329,0.10184558895503584,0,33,-0.5,0.0,1e-10,0,0.04103732510960329,0.04103732510960329,True,True,material bounds/nonfinite only; constitutive-pole checks are not rerun,False
2001,0.15,20dB_nominal_difference,linear_a_exact_conversion,REJECTED_PHYSICAL,results/a23/images/scene_2001_t0.15_20dB_nominal_difference.npz,0.01095404118889221,0.15444670685440257,-0.04207472596252864,0.10018258509946294,0,33,-0.5,0.0,1e-10,0,0.04207472596252864,0.04207472596252864,True,True,material bounds/nonfinite only; constitutive-pole checks are not rerun,False
2001,0.15,20dB_nominal_difference,vanilla_IBS2,REJECTED_PHYSICAL,results/a23/images/scene_2001_t0.15_20dB_nominal_difference.npz,0.011323396272383324,0.1535168901968383,-0.041449704281991066,0.10053145306085455,0,33,-0.5,0.0,1e-10,0,0.041449704281991066,0.041449704281991066,True,True,material bounds/nonfinite only; constitutive-pole checks are not rerun,False
2001,0.15,20dB_nominal_difference,A23_compressed_feedback,REJECTED_PHYSICAL,results/a23/images/scene_2001_t0.15_20dB_nominal_difference.npz,0.009466550129264811,0.15356481696312566,-0.04182930839325497,0.10166088133137974,0,33,-0.5,0.0,1e-10,0,0.04182930839325497,0.04182930839325497,True,True,material bounds/nonfinite only; constitutive-pole checks are not rerun,False
2001,0.15,20dB_nominal_difference,generic_randomized_linear,OK,results/a23/images/scene_2001_t0.15_20dB_nominal_difference.npz,0.05387879175540395,0.13875922582353092,0.011887040762329076,0.05864888836767486,0,0,-0.5,0.0,1e-10,0,0.0,0.0,True,True,material bounds/nonfinite only; constitutive-pole checks are not rerun,False
2001,0.15,20dB_nominal_difference,current_BP_ratio,OK,results/a23/images/scene_2001_t0.15_20dB_nominal_difference.npz,0.1013401430592547,0.11495848628434449,0.033225920068234695,0.04855612335693234,0,0,-0.5,0.0,1e-10,0,0.0,0.0,True,True,material bounds/nonfinite only; constitutive-pole checks are not rerun,False
2001,0.15,zero,homogeneous_born,OK,results/a23/images/scene_2001_t0.15_zero.npz,0.08824691353819267,0.1361586217801239,0.019633394992943524,0.05359114900163295,0,0,-0.5,0.0,1e-10,0,0.0,0.0,True,True,material bounds/nonfinite only; constitutive-pole checks are not rerun,False
2001,0.15,zero,born_BP,OK,results/a23/images/scene_2001_t0.15_zero.npz,0.10266404027989307,0.1180606109973372,0.033750747652313,0.05009422986305855,0,0,-0.5,0.0,1e-10,0,0.0,0.0,True,True,material bounds/nonfinite only; constitutive-pole checks are not rerun,False
2001,0.15,zero,dressed_linear_chi,OK,results/a23/images/scene_2001_t0.15_zero.npz,0.08719432794164775,0.14109500689360288,0.01900269191765772,0.05256352891656342,0,0,-0.5,0.0,1e-10,0,0.0,0.0,True,True,material bounds/nonfinite only; constitutive-pole checks are not rerun,False
2001,0.15,zero,linear_a_exact_conversion,OK,results/a23/images/scene_2001_t0.15_zero.npz,0.0872428960169212,0.14164517868463394,0.019131005573736398,0.05279464198144872,0,0,-0.5,0.0,1e-10,0,0.0,0.0,True,True,material bounds/nonfinite only; constitutive-pole checks are not rerun,False
2001,0.15,zero,vanilla_IBS2,OK,results/a23/images/scene_2001_t0.15_zero.npz,0.08770228013777247,0.14139722715196523,0.01901885394721622,0.05241879306246318,0,0,-0.5,0.0,1e-10,0,0.0,0.0,True,True,material bounds/nonfinite only; constitutive-pole checks are not rerun,False
2001,0.15,zero,A23_compressed_feedback,OK,results/a23/images/scene_2001_t0.15_zero.npz,0.08728326212357009,0.14113371046728568,0.018694087601158153,0.052394352307329806,0,0,-0.5,0.0,1e-10,0,0.0,0.0,True,True,material bounds/nonfinite only; constitutive-pole checks are not rerun,False
2001,0.15,zero,generic_randomized_linear,OK,results/a23/images/scene_2001_t0.15_zero.npz,0.07956257893984288,0.13537683077895768,0.01747180108460343,0.055126430623312864,0,0,-0.5,0.0,1e-10,0,0.0,0.0,True,True,material bounds/nonfinite only; constitutive-pole checks are not rerun,False
2001,0.15,zero,current_BP_ratio,OK,results/a23/images/scene_2001_t0.15_zero.npz,0.10213466564540104,0.11478818249134037,0.03360419568440262,0.04835759823411837,0,0,-0.5,0.0,1e-10,0,0.0,0.0,True,True,material bounds/nonfinite only; constitutive-pole checks are not rerun,False
2001,0.5,20dB_nominal_difference,homogeneous_born,REJECTED_PHYSICAL,results/a23/images/scene_2001_t0.5_20dB_nominal_difference.npz,0.013387671173259189,0.22243577002921666,-0.04763245807002855,0.0980530240556311,0,21,-0.5,0.0,1e-10,0,0.04763245807002855,0.04763245807002855,True,True,material bounds/nonfinite only; constitutive-pole checks are not rerun,False
2001,0.5,20dB_nominal_difference,born_BP,OK,results/a23/images/scene_2001_t0.5_20dB_nominal_difference.npz,0.10853923908697545,0.15893083947572287,0.020276400989250997,0.07387587016712607,0,0,-0.5,0.0,1e-10,0,0.0,0.0,True,True,material bounds/nonfinite only; constitutive-pole checks are not rerun,False
2001,0.5,20dB_nominal_difference,dressed_linear_chi,REJECTED_PHYSICAL,results/a23/images/scene_2001_t0.5_20dB_nominal_difference.npz,0.0024023866099441155,0.23341000545442692,-0.03976789313530817,0.09901865591817337,0,19,-0.5,0.0,1e-10,0,0.03976789313530817,0.03976789313530817,True,True,material bounds/nonfinite only; constitutive-pole checks are not rerun,False
2001,0.5,20dB_nominal_difference,linear_a_exact_conversion,REJECTED_PHYSICAL,results/a23/images/scene_2001_t0.5_20dB_nominal_difference.npz,0.005369627964369622,0.23927441719735992,-0.03997428146891406,0.10179913972529862,0,18,-0.5,0.0,1e-10,0,0.03997428146891406,0.03997428146891406,True,True,material bounds/nonfinite only; constitutive-pole checks are not rerun,False
2001,0.5,20dB_nominal_difference,vanilla_IBS2,REJECTED_PHYSICAL,results/a23/images/scene_2001_t0.5_20dB_nominal_difference.npz,0.007635800739495505,0.23530663674961064,-0.04140166533336668,0.09719102302879656,0,15,-0.5,0.0,1e-10,0,0.04140166533336668,0.04140166533336668,True,True,material bounds/nonfinite only; constitutive-pole checks are not rerun,False
2001,0.5,20dB_nominal_difference,A23_compressed_feedback,REJECTED_PHYSICAL,results/a23/images/scene_2001_t0.5_20dB_nominal_difference.npz,0.004403919388454303,0.2340078447775145,-0.03904363629887598,0.09585160724947216,0,20,-0.5,0.0,1e-10,0,0.03904363629887598,0.03904363629887598,True,True,material bounds/nonfinite only; constitutive-pole checks are not rerun,False
2001,0.5,20dB_nominal_difference,generic_randomized_linear,REJECTED_PHYSICAL,results/a23/images/scene_2001_t0.5_20dB_nominal_difference.npz,0.037184599167568555,0.21246650831394265,-0.02774026953395633,0.09092505826352179,0,9,-0.5,0.0,1e-10,0,0.02774026953395633,0.02774026953395633,True,True,material bounds/nonfinite only; constitutive-pole checks are not rerun,False
2001,0.5,20dB_nominal_difference,current_BP_ratio,OK,results/a23/images/scene_2001_t0.5_20dB_nominal_difference.npz,0.10688135894723433,0.14854602818715076,0.019361339842595835,0.06832049708401315,0,0,-0.5,0.0,1e-10,0,0.0,0.0,True,True,material bounds/nonfinite only; constitutive-pole checks are not rerun,False
2001,0.5,zero,homogeneous_born,REJECTED_PHYSICAL,results/a23/images/scene_2001_t0.5_zero.npz,0.058780869186220205,0.21696516821647666,-0.026514111043638135,0.08661836339838899,0,8,-0.5,0.0,1e-10,0,0.026514111043638135,0.026514111043638135,True,True,material bounds/nonfinite only; constitutive-pole checks are not rerun,False
2001,0.5,zero,born_BP,OK,results/a23/images/scene_2001_t0.5_zero.npz,0.10891713966931323,0.1589777131106322,0.020234707973229325,0.07376215477575424,0,0,-0.5,0.0,1e-10,0,0.0,0.0,True,True,material bounds/nonfinite only; constitutive-pole checks are not rerun,False
2001,0.5,zero,dressed_linear_chi,REJECTED_PHYSICAL,results/a23/images/scene_2001_t0.5_zero.npz,0.05276327421846495,0.23350810005045236,-0.029392489258489037,0.08324216558241625,0,9,-0.5,0.0,1e-10,0,0.029392489258489037,0.029392489258489037,True,True,material bounds/nonfinite only; constitutive-pole checks are not rerun,False
2001,0.5,zero,linear_a_exact_conversion,REJECTED_PHYSICAL,results/a23/images/scene_2001_t0.5_zero.npz,0.05344002154861517,0.23938425631376276,-0.027908933627030827,0.08620702748153933,0,8,-0.5,0.0,1e-10,0,0.027908933627030827,0.027908933627030827,True,True,material bounds/nonfinite only; constitutive-pole checks are not rerun,False
2001,0.5,zero,vanilla_IBS2,REJECTED_PHYSICAL,results/a23/images/scene_2001_t0.5_zero.npz,0.0584271157355918,0.23677835502928887,-0.029187558969750636,0.08144690055627749,0,8,-0.5,0.0,1e-10,0,0.029187558969750636,0.029187558969750636,True,True,material bounds/nonfinite only; constitutive-pole checks are not rerun,False
2001,0.5,zero,A23_compressed_feedback,REJECTED_PHYSICAL,results/a23/images/scene_2001_t0.5_zero.npz,0.053680853542535295,0.2339303053204591,-0.0327683454634965,0.08184119745660019,0,9,-0.5,0.0,1e-10,0,0.0327683454634965,0.0327683454634965,True,True,material bounds/nonfinite only; constitutive-pole checks are not rerun,False
2001,0.5,zero,generic_randomized_linear,REJECTED_PHYSICAL,results/a23/images/scene_2001_t0.5_zero.npz,0.03234361168400181,0.21523516438560852,-0.034494811503390184,0.0895116955051547,0,11,-0.5,0.0,1e-10,0,0.034494811503390184,0.034494811503390184,True,True,material bounds/nonfinite only; constitutive-pole checks are not rerun,False
2001,0.5,zero,current_BP_ratio,OK,results/a23/images/scene_2001_t0.5_zero.npz,0.10716882941672409,0.14849281236436726,0.019357287377399796,0.06828714684001179,0,0,-0.5,0.0,1e-10,0,0.0,0.0,True,True,material bounds/nonfinite only; constitutive-pole checks are not rerun,False
2001,1.0,20dB_nominal_difference,homogeneous_born,REJECTED_PHYSICAL,results/a23/images/scene_2001_t1.0_20dB_nominal_difference.npz,0.01978997295010637,0.33708267893609545,-0.07924422252386773,0.1456150796305779,0,67,-0.5,0.0,1e-10,0,0.07924422252386773,0.07924422252386773,True,True,material bounds/nonfinite only; constitutive-pole checks are not rerun,False
2001,1.0,20dB_nominal_difference,born_BP,OK,results/a23/images/scene_2001_t1.0_20dB_nominal_difference.npz,0.11765652480632305,0.21423454480455728,0.0035241422141333023,0.10782841743381721,0,0,-0.5,0.0,1e-10,0,0.0,0.0,True,True,material bounds/nonfinite only; constitutive-pole checks are not rerun,False
2001,1.0,20dB_nominal_difference,dressed_linear_chi,REJECTED_PHYSICAL,results/a23/images/scene_2001_t1.0_20dB_nominal_difference.npz,0.019071789065572595,0.3647875750641235,-0.10968952972062176,0.13811764314993316,0,78,-0.5,0.0,1e-10,0,0.10968952972062176,0.10968952972062176,True,True,material bounds/nonfinite only; constitutive-pole checks are not rerun,False
2001,1.0,20dB_nominal_difference,linear_a_exact_conversion,REJECTED_PHYSICAL,results/a23/images/scene_2001_t1.0_20dB_nominal_difference.npz,0.021069217444152872,0.3888138650075416,-0.10567944823639183,0.15146604080831866,0,81,-0.5,0.0,1e-10,0,0.10567944823639183,0.10567944823639183,True,True,material bounds/nonfinite only; constitutive-pole checks are not rerun,False
2001,1.0,20dB_nominal_difference,vanilla_IBS2,REJECTED_PHYSICAL,results/a23/images/scene_2001_t1.0_20dB_nominal_difference.npz,0.026415120380855972,0.3782891784074124,-0.10488200004055354,0.13313374227709857,0,91,-0.5,0.0,1e-10,0,0.10488200004055354,0.10488200004055354,True,True,material bounds/nonfinite only; constitutive-pole checks are not rerun,False
2001,1.0,20dB_nominal_difference,A23_compressed_feedback,REJECTED_PHYSICAL,results/a23/images/scene_2001_t1.0_20dB_nominal_difference.npz,0.027064479301585093,0.36644090058770595,-0.11822682895351891,0.1506922617181824,0,89,-0.5,0.0,1e-10,0,0.11822682895351891,0.11822682895351891,True,True,material bounds/nonfinite only; constitutive-pole checks are not rerun,False
2001,1.0,20dB_nominal_difference,generic_randomized_linear,REJECTED_PHYSICAL,results/a23/images/scene_2001_t1.0_20dB_nominal_difference.npz,-0.031225109384519417,0.31967896233610293,-0.11207092149177145,0.14119031316201483,0,52,-0.5,0.0,1e-10,0,0.11207092149177145,0.11207092149177145,True,True,material bounds/nonfinite only; constitutive-pole checks are not rerun,False
2001,1.0,20dB_nominal_difference,current_BP_ratio,OK,results/a23/images/scene_2001_t1.0_20dB_nominal_difference.npz,0.11427413738755594,0.1948172478193795,0.0006814572087867108,0.09790981775236836,0,0,-0.5,0.0,1e-10,0,0.0,0.0,True,True,material bounds/nonfinite only; constitutive-pole checks are not rerun,False
2001,1.0,zero,homogeneous_born,REJECTED_PHYSICAL,results/a23/images/scene_2001_t1.0_zero.npz,0.01257497007531018,0.325646884881406,-0.08995786707283171,0.13674525396475815,0,29,-0.5,0.0,1e-10,0,0.08995786707283171,0.08995786707283171,True,True,material bounds/nonfinite only; constitutive-pole checks are not rerun,False
2001,1.0,zero,born_BP,OK,results/a23/images/scene_2001_t1.0_zero.npz,0.11778096564068335,0.21473499145780411,0.0032826158277466794,0.1078491494703264,0,0,-0.5,0.0,1e-10,0,0.0,0.0,True,True,material bounds/nonfinite only; constitutive-pole checks are not rerun,False
2001,1.0,zero,dressed_linear_chi,REJECTED_PHYSICAL,results/a23/images/scene_2001_t1.0_zero.npz,-0.0063570342324805185,0.3578062812235294,-0.09787040091488933,0.13045567956497975,0,33,-0.5,0.0,1e-10,0,0.09787040091488933,0.09787040091488933,True,True,material bounds/nonfinite only; constitutive-pole checks are not rerun,False
2001,1.0,zero,linear_a_exact_conversion,REJECTED_PHYSICAL,results/a23/images/scene_2001_t1.0_zero.npz,-0.0028921811051113673,0.3802434205799855,-0.09164723153191014,0.14293733094944516,0,34,-0.5,0.0,1e-10,0,0.09164723153191014,0.09164723153191014,True,True,material bounds/nonfinite only; constitutive-pole checks are not rerun,False
2001,1.0,zero,vanilla_IBS2,REJECTED_PHYSICAL,results/a23/images/scene_2001_t1.0_zero.npz,0.016337030844304615,0.3714934169316184,-0.09687541232892363,0.12365868255563375,0,50,-0.5,0.0,1e-10,0,0.09687541232892363,0.09687541232892363,True,True,material bounds/nonfinite only; constitutive-pole checks are not rerun,False
2001,1.0,zero,A23_compressed_feedback,REJECTED_PHYSICAL,results/a23/images/scene_2001_t1.0_zero.npz,-0.0030423315766304193,0.3597939778323658,-0.11105608067413719,0.12562546077351233,0,43,-0.5,0.0,1e-10,0,0.11105608067413719,0.11105608067413719,True,True,material bounds/nonfinite only; constitutive-pole checks are not rerun,False
2001,1.0,zero,generic_randomized_linear,REJECTED_PHYSICAL,results/a23/images/scene_2001_t1.0_zero.npz,-0.033939030484817556,0.32327218064297153,-0.10789667799211086,0.1366466712628085,0,65,-0.5,0.0,1e-10,0,0.10789667799211086,0.10789667799211086,True,True,material bounds/nonfinite only; constitutive-pole checks are not rerun,False
2001,1.0,zero,current_BP_ratio,OK,results/a23/images/scene_2001_t1.0_zero.npz,0.11425249693969859,0.19506832171905106,0.0004083961055810619,0.09792006903092236,0,0,-0.5,0.0,1e-10,0,0.0,0.0,True,True,material bounds/nonfinite only; constitutive-pole checks are not rerun,False
2003,1.0,20dB_calibration,dressed_linear_chi,REJECTED_PHYSICAL,results/a23/images/scene_2003_calibration.npz,-0.9079835850305914,1.0939189830576823,-0.5726149443372366,0.6441777187011852,11,449,-0.5,0.0,1e-10,0,0.5726149443372366,0.5726149443372366,True,True,material bounds/nonfinite only; constitutive-pole checks are not rerun,False
2003,1.0,20dB_calibration,vanilla_IBS2,REJECTED_PHYSICAL,results/a23/images/scene_2003_calibration.npz,-0.3463375300676633,1.446444543830974,-0.41276252840179417,0.7304275181886996,0,602,-0.5,0.0,1e-10,0,0.41276252840179417,0.41276252840179417,True,True,material bounds/nonfinite only; constitutive-pole checks are not rerun,False
2003,1.0,20dB_calibration,A23_compressed_feedback,REJECTED_PHYSICAL,results/a23/images/scene_2003_calibration.npz,-0.9538343530109022,1.228461412166796,-0.7719589548734412,0.5546166932062884,11,547,-0.5,0.0,1e-10,0,0.7719589548734412,0.7719589548734412,True,True,material bounds/nonfinite only; constitutive-pole checks are not rerun,False
2003,0.15,20dB_nominal_difference,homogeneous_born,REJECTED_PHYSICAL,results/a23/images/scene_2003_t0.15_20dB_nominal_difference.npz,-0.18173479030315168,0.457745860187618,-0.2884858483139505,0.31579016666623627,0,278,-0.5,0.0,1e-10,0,0.2884858483139505,0.2884858483139505,True,True,material bounds/nonfinite only; constitutive-pole checks are not rerun,False
2003,0.15,20dB_nominal_difference,born_BP,OK,results/a23/images/scene_2003_t0.15_20dB_nominal_difference.npz,0.10794159221623484,0.1791627318124987,0.012927600620910716,0.08372849538351276,0,0,-0.5,0.0,1e-10,0,0.0,0.0,True,True,material bounds/nonfinite only; constitutive-pole checks are not rerun,False
2003,0.15,20dB_nominal_difference,dressed_linear_chi,REJECTED_PHYSICAL,results/a23/images/scene_2003_t0.15_20dB_nominal_difference.npz,-0.1623869216455923,0.4813873577500797,-0.32667529231434334,0.3058695912211533,0,372,-0.5,0.0,1e-10,0,0.32667529231434334,0.32667529231434334,True,True,material bounds/nonfinite only; constitutive-pole checks are not rerun,False
2003,0.15,20dB_nominal_difference,linear_a_exact_conversion,REJECTED_PHYSICAL,results/a23/images/scene_2003_t0.15_20dB_nominal_difference.npz,-0.14326994025540518,0.5348119884357878,-0.335792370330796,0.3045889856411397,0,374,-0.5,0.0,1e-10,0,0.335792370330796,0.335792370330796,True,True,material bounds/nonfinite only; constitutive-pole checks are not rerun,False
2003,0.15,20dB_nominal_difference,vanilla_IBS2,REJECTED_PHYSICAL,results/a23/images/scene_2003_t0.15_20dB_nominal_difference.npz,-0.1512619896991723,0.4834786444242063,-0.30111918823792566,0.29638079838226145,0,380,-0.5,0.0,1e-10,0,0.30111918823792566,0.30111918823792566,True,True,material bounds/nonfinite only; constitutive-pole checks are not rerun,False
2003,0.15,20dB_nominal_difference,A23_compressed_feedback,REJECTED_PHYSICAL,results/a23/images/scene_2003_t0.15_20dB_nominal_difference.npz,-0.14263429409610112,0.4885967961757063,-0.3254773454820694,0.29781283493236027,0,383,-0.5,0.0,1e-10,0,0.3254773454820694,0.3254773454820694,True,True,material bounds/nonfinite only; constitutive-pole checks are not rerun,False
2003,0.15,20dB_nominal_difference,generic_randomized_linear,REJECTED_PHYSICAL,results/a23/images/scene_2003_t0.15_20dB_nominal_difference.npz,-0.06587184414267824,0.25754590614123485,-0.08162606766727806,0.12074675300681104,0,202,-0.5,0.0,1e-10,0,0.08162606766727806,0.08162606766727806,True,True,material bounds/nonfinite only; constitutive-pole checks are not rerun,False
2003,0.15,20dB_nominal_difference,current_BP_ratio,OK,results/a23/images/scene_2003_t0.15_20dB_nominal_difference.npz,0.10689721151871447,0.16552103035419058,0.011586211627675603,0.07492910515793358,0,0,-0.5,0.0,1e-10,0,0.0,0.0,True,True,material bounds/nonfinite only; constitutive-pole checks are not rerun,False
2003,0.15,zero,homogeneous_born,REJECTED_PHYSICAL,results/a23/images/scene_2003_t0.15_zero.npz,0.032196380134258615,0.24695083154269556,-0.016990545549925497,0.09483948807934939,0,8,-0.5,0.0,1e-10,0,0.016990545549925497,0.016990545549925497,True,True,material bounds/nonfinite only; constitutive-pole checks are not rerun,False
2003,0.15,zero,born_BP,OK,results/a23/images/scene_2003_t0.15_zero.npz,0.10671556092214035,0.1803194868030525,0.013049443705994312,0.08580784216486104,0,0,-0.5,0.0,1e-10,0,0.0,0.0,True,True,material bounds/nonfinite only; constitutive-pole checks are not rerun,False
2003,0.15,zero,dressed_linear_chi,REJECTED_PHYSICAL,results/a23/images/scene_2003_t0.15_zero.npz,0.032969592442225804,0.2755583960947981,-0.01750092375943696,0.11849297322648877,0,10,-0.5,0.0,1e-10,0,0.01750092375943696,0.01750092375943696,True,True,material bounds/nonfinite only; constitutive-pole checks are not rerun,False
2003,0.15,zero,linear_a_exact_conversion,REJECTED_PHYSICAL,results/a23/images/scene_2003_t0.15_zero.npz,0.032475495497174746,0.2860856966080038,-0.01651720790742448,0.11516549433416164,0,9,-0.5,0.0,1e-10,0,0.01651720790742448,0.01651720790742448,True,True,material bounds/nonfinite only; constitutive-pole checks are not rerun,False
2003,0.15,zero,vanilla_IBS2,REJECTED_PHYSICAL,results/a23/images/scene_2003_t0.15_zero.npz,0.04277077792574748,0.28289495210582305,-0.019920246997613224,0.12276472434481445,0,12,-0.5,0.0,1e-10,0,0.019920246997613224,0.019920246997613224,True,True,material bounds/nonfinite only; constitutive-pole checks are not rerun,False
2003,0.15,zero,A23_compressed_feedback,REJECTED_PHYSICAL,results/a23/images/scene_2003_t0.15_zero.npz,0.03041499715270525,0.27884680278492546,-0.023967063380284155,0.11710860084065103,0,14,-0.5,0.0,1e-10,0,0.023967063380284155,0.023967063380284155,True,True,material bounds/nonfinite only; constitutive-pole checks are not rerun,False
2003,0.15,zero,generic_randomized_linear,REJECTED_PHYSICAL,results/a23/images/scene_2003_t0.15_zero.npz,0.02620676888280901,0.2543418601180124,-0.05826871581514197,0.09978226185357403,0,29,-0.5,0.0,1e-10,0,0.05826871581514197,0.05826871581514197,True,True,material bounds/nonfinite only; constitutive-pole checks are not rerun,False
2003,0.15,zero,current_BP_ratio,OK,results/a23/images/scene_2003_t0.15_zero.npz,0.10572723091564351,0.16574614601623586,0.012195335965080644,0.07613802543807177,0,0,-0.5,0.0,1e-10,0,0.0,0.0,True,True,material bounds/nonfinite only; constitutive-pole checks are not rerun,False
2003,0.5,20dB_nominal_difference,homogeneous_born,REJECTED_PHYSICAL,results/a23/images/scene_2003_t0.5_20dB_nominal_difference.npz,-0.24018984713342875,0.5400242478045499,-0.35773646015314225,0.3741464926333317,0,306,-0.5,0.0,1e-10,0,0.35773646015314225,0.35773646015314225,True,True,material bounds/nonfinite only; constitutive-pole checks are not rerun,False
2003,0.5,20dB_nominal_difference,born_BP,REJECTED_PHYSICAL,results/a23/images/scene_2003_t0.5_20dB_nominal_difference.npz,0.1187487722679154,0.3544360823966173,-0.03400102652584918,0.1978081326209151,0,104,-0.5,0.0,1e-10,0,0.03400102652584918,0.03400102652584918,True,True,material bounds/nonfinite only; constitutive-pole checks are not rerun,False
2003,0.5,20dB_nominal_difference,dressed_linear_chi,REJECTED_PHYSICAL,results/a23/images/scene_2003_t0.5_20dB_nominal_difference.npz,-0.280834617376048,0.6499582417333836,-0.3036041292494485,0.36315004759202574,0,299,-0.5,0.0,1e-10,0,0.3036041292494485,0.3036041292494485,True,True,material bounds/nonfinite only; constitutive-pole checks are not rerun,False
2003,0.5,20dB_nominal_difference,linear_a_exact_conversion,REJECTED_PHYSICAL,results/a23/images/scene_2003_t0.5_20dB_nominal_difference.npz,-0.24190805193900267,0.7581816774021075,-0.29701490355186155,0.3528902588994208,0,324,-0.5,0.0,1e-10,0,0.29701490355186155,0.29701490355186155,True,True,material bounds/nonfinite only; constitutive-pole checks are not rerun,False
2003,0.5,20dB_nominal_difference,vanilla_IBS2,REJECTED_PHYSICAL,results/a23/images/scene_2003_t0.5_20dB_nominal_difference.npz,-0.16514840062366534,0.7408681415654654,-0.309875990301766,0.3317214643923643,0,381,-0.5,0.0,1e-10,0,0.309875990301766,0.309875990301766,True,True,material bounds/nonfinite only; constitutive-pole checks are not rerun,False
2003,0.5,20dB_nominal_difference,A23_compressed_feedback,REJECTED_PHYSICAL,results/a23/images/scene_2003_t0.5_20dB_nominal_difference.npz,-0.2987729000342533,0.7002450366127958,-0.3104222433535721,0.3715978824609318,0,461,-0.5,0.0,1e-10,0,0.3104222433535721,0.3104222433535721,True,True,material bounds/nonfinite only; constitutive-pole checks are not rerun,False
2003,0.5,20dB_nominal_difference,generic_randomized_linear,REJECTED_PHYSICAL,results/a23/images/scene_2003_t0.5_20dB_nominal_difference.npz,-0.04549595689483671,0.5707505476135415,-0.2650689323343323,0.259250561883424,0,359,-0.5,0.0,1e-10,0,0.2650689323343323,0.2650689323343323,True,True,material bounds/nonfinite only; constitutive-pole checks are not rerun,False
2003,0.5,20dB_nominal_difference,current_BP_ratio,REJECTED_PHYSICAL,results/a23/images/scene_2003_t0.5_20dB_nominal_difference.npz,0.11503132289406842,0.3135650572813244,-0.046849010620617075,0.1721260270951417,0,269,-0.5,0.0,1e-10,0,0.046849010620617075,0.046849010620617075,True,True,material bounds/nonfinite only; constitutive-pole checks are not rerun,False
2003,0.5,zero,homogeneous_born,REJECTED_PHYSICAL,results/a23/images/scene_2003_t0.5_zero.npz,-0.1849367529547006,0.5348120395421574,-0.14729283436927207,0.26644735802201364,0,183,-0.5,0.0,1e-10,0,0.14729283436927207,0.14729283436927207,True,True,material bounds/nonfinite only; constitutive-pole checks are not rerun,False
2003,0.5,zero,born_BP,REJECTED_PHYSICAL,results/a23/images/scene_2003_t0.5_zero.npz,0.11821934607542009,0.35483245906647853,-0.03335338926370588,0.19755695153889014,0,105,-0.5,0.0,1e-10,0,0.03335338926370588,0.03335338926370588,True,True,material bounds/nonfinite only; constitutive-pole checks are not rerun,False
2003,0.5,zero,dressed_linear_chi,REJECTED_PHYSICAL,results/a23/images/scene_2003_t0.5_zero.npz,-0.22876449491161885,0.6284538934900915,-0.1444496359734484,0.24941497642475552,0,156,-0.5,0.0,1e-10,0,0.1444496359734484,0.1444496359734484,True,True,material bounds/nonfinite only; constitutive-pole checks are not rerun,False
2003,0.5,zero,linear_a_exact_conversion,REJECTED_PHYSICAL,results/a23/images/scene_2003_t0.5_zero.npz,-0.20818029323144024,0.7295245149054597,-0.13149256505986842,0.3034172100433949,0,153,-0.5,0.0,1e-10,0,0.13149256505986842,0.13149256505986842,True,True,material bounds/nonfinite only; constitutive-pole checks are not rerun,False
2003,0.5,zero,vanilla_IBS2,REJECTED_PHYSICAL,results/a23/images/scene_2003_t0.5_zero.npz,-0.11169405440878075,0.7219013264754671,-0.16781767153884758,0.30793777781666454,0,226,-0.5,0.0,1e-10,0,0.16781767153884758,0.16781767153884758,True,True,material bounds/nonfinite only; constitutive-pole checks are not rerun,False
2003,0.5,zero,A23_compressed_feedback,REJECTED_PHYSICAL,results/a23/images/scene_2003_t0.5_zero.npz,-0.2501201684620299,0.6795820457222473,-0.18205407498754775,0.2480346429500083,0,284,-0.5,0.0,1e-10,0,0.18205407498754775,0.18205407498754775,True,True,material bounds/nonfinite only; constitutive-pole checks are not rerun,False
2003,0.5,zero,generic_randomized_linear,REJECTED_PHYSICAL,results/a23/images/scene_2003_t0.5_zero.npz,-0.0951414204543427,0.5805934941271327,-0.25706270420741395,0.2690710410088081,0,275,-0.5,0.0,1e-10,0,0.25706270420741395,0.25706270420741395,True,True,material bounds/nonfinite only; constitutive-pole checks are not rerun,False
2003,0.5,zero,current_BP_ratio,REJECTED_PHYSICAL,results/a23/images/scene_2003_t0.5_zero.npz,0.1144410938208801,0.3136213204621257,-0.04625572371600771,0.1719145344392151,0,272,-0.5,0.0,1e-10,0,0.04625572371600771,0.04625572371600771,True,True,material bounds/nonfinite only; constitutive-pole checks are not rerun,False
2003,1.0,20dB_nominal_difference,homogeneous_born,REJECTED_PHYSICAL,results/a23/images/scene_2003_t1.0_20dB_nominal_difference.npz,-0.7394257871594841,0.8327549976784375,-0.4898994588614118,0.6421023774772459,3,437,-0.5,0.0,1e-10,0,0.4898994588614118,0.4898994588614118,True,True,material bounds/nonfinite only; constitutive-pole checks are not rerun,False
2003,1.0,20dB_nominal_difference,born_BP,REJECTED_PHYSICAL,results/a23/images/scene_2003_t1.0_20dB_nominal_difference.npz,0.12771292666796588,0.5712802525130459,-0.06823306349902075,0.369997488240779,0,96,-0.5,0.0,1e-10,0,0.06823306349902075,0.06823306349902075,True,True,material bounds/nonfinite only; constitutive-pole checks are not rerun,False
2003,1.0,20dB_nominal_difference,dressed_linear_chi,REJECTED_PHYSICAL,results/a23/images/scene_2003_t1.0_20dB_nominal_difference.npz,-0.9052107702037543,0.9752256818875802,-0.412237509114593,0.5905224002789194,8,468,-0.5,0.0,1e-10,0,0.412237509114593,0.412237509114593,True,True,material bounds/nonfinite only; constitutive-pole checks are not rerun,False
2003,1.0,20dB_nominal_difference,linear_a_exact_conversion,REJECTED_PHYSICAL,results/a23/images/scene_2003_t1.0_20dB_nominal_difference.npz,-0.6754174438315056,1.2509411224555893,-0.34134345198980337,0.9769797537297699,4,484,-0.5,0.0,1e-10,0,0.34134345198980337,0.34134345198980337,True,True,material bounds/nonfinite only; constitutive-pole checks are not rerun,False
2003,1.0,20dB_nominal_difference,vanilla_IBS2,REJECTED_PHYSICAL,results/a23/images/scene_2003_t1.0_20dB_nominal_difference.npz,-0.295052926266576,1.4127558730842065,-0.3577332219351716,0.7159779755192891,0,597,-0.5,0.0,1e-10,0,0.3577332219351716,0.3577332219351716,True,True,material bounds/nonfinite only; constitutive-pole checks are not rerun,False
2003,1.0,20dB_nominal_difference,A23_compressed_feedback,REJECTED_PHYSICAL,results/a23/images/scene_2003_t1.0_20dB_nominal_difference.npz,-0.9385342572833962,1.2266174281639082,-0.5611882964530192,0.4894057650209828,9,577,-0.5,0.0,1e-10,0,0.5611882964530192,0.5611882964530192,True,True,material bounds/nonfinite only; constitutive-pole checks are not rerun,False
2003,1.0,20dB_nominal_difference,generic_randomized_linear,REJECTED_PHYSICAL,results/a23/images/scene_2003_t1.0_20dB_nominal_difference.npz,-0.173285249902125,0.973337026816496,-0.45888925568678224,0.5833391418723489,0,473,-0.5,0.0,1e-10,0,0.45888925568678224,0.45888925568678224,True,True,material bounds/nonfinite only; constitutive-pole checks are not rerun,False
2003,1.0,20dB_nominal_difference,current_BP_ratio,REJECTED_PHYSICAL,results/a23/images/scene_2003_t1.0_20dB_nominal_difference.npz,0.11532702577867893,0.5226512769251122,-0.12073088013384728,0.3429256761207084,0,449,-0.5,0.0,1e-10,0,0.12073088013384728,0.12073088013384728,True,True,material bounds/nonfinite only; constitutive-pole checks are not rerun,False
2003,1.0,zero,homogeneous_born,REJECTED_PHYSICAL,results/a23/images/scene_2003_t1.0_zero.npz,-0.5942668231897911,0.8241263862339056,-0.3357519748905483,0.6088052479421737,1,415,-0.5,0.0,1e-10,0,0.3357519748905483,0.3357519748905483,True,True,material bounds/nonfinite only; constitutive-pole checks are not rerun,False
2003,1.0,zero,born_BP,REJECTED_PHYSICAL,results/a23/images/scene_2003_t1.0_zero.npz,0.12705297606956628,0.5694177391351918,-0.0664266478161975,0.3687878411963381,0,93,-0.5,0.0,1e-10,0,0.0664266478161975,0.0664266478161975,True,True,material bounds/nonfinite only; constitutive-pole checks are not rerun,False
2003,1.0,zero,dressed_linear_chi,REJECTED_PHYSICAL,results/a23/images/scene_2003_t1.0_zero.npz,-0.8165753803370046,0.9774446048361419,-0.3032090423220305,0.557847071139388,6,431,-0.5,0.0,1e-10,0,0.3165753803370046,0.3165753803370046,True,True,material bounds/nonfinite only; constitutive-pole checks are not rerun,False
2003,1.0,zero,linear_a_exact_conversion,REJECTED_PHYSICAL,results/a23/images/scene_2003_t1.0_zero.npz,-0.6150106540710172,1.2432814563645878,-0.24414321306360715,0.9200426291543718,1,445,-0.5,0.0,1e-10,0,0.24414321306360715,0.24414321306360715,True,True,material bounds/nonfinite only; constitutive-pole checks are not rerun,False
2003,1.0,zero,vanilla_IBS2,REJECTED_PHYSICAL,results/a23/images/scene_2003_t1.0_zero.npz,-0.2956941083389406,1.4086670435330182,-0.3665482388408478,0.6121941579474417,0,549,-0.5,0.0,1e-10,0,0.3665482388408478,0.3665482388408478,True,True,material bounds/nonfinite only; constitutive-pole checks are not rerun,False
2003,1.0,zero,A23_compressed_feedback,REJECTED_PHYSICAL,results/a23/images/scene_2003_t1.0_zero.npz,-0.8672749633913805,1.221745136522635,-0.3976584676405637,0.44476545271986906,4,528,-0.5,0.0,1e-10,0,0.3976584676405637,0.3976584676405637,True,True,material bounds/nonfinite only; constitutive-pole checks are not rerun,False
2003,1.0,zero,generic_randomized_linear,REJECTED_PHYSICAL,results/a23/images/scene_2003_t1.0_zero.npz,-0.13030612052038737,0.9541488861125341,-0.43746776524886083,0.5663772473534548,0,433,-0.5,0.0,1e-10,0,0.43746776524886083,0.43746776524886083,True,True,material bounds/nonfinite only; constitutive-pole checks are not rerun,False
2003,1.0,zero,current_BP_ratio,REJECTED_PHYSICAL,results/a23/images/scene_2003_t1.0_zero.npz,0.11485570573509951,0.521037995640084,-0.11913500407408537,0.3418294319502519,0,444,-0.5,0.0,1e-10,0,0.11913500407408537,0.11913500407408537,True,True,material bounds/nonfinite only; constitutive-pole checks are not rerun,False
2009,1.0,20dB_calibration,dressed_linear_chi,REJECTED_PHYSICAL,results/a23/images/scene_2009_calibration.npz,-0.24795584510257826,0.5433261809913942,-0.12807245593996808,0.21709377136313907,0,390,-0.5,0.0,1e-10,0,0.12807245593996808,0.12807245593996808,True,True,material bounds/nonfinite only; constitutive-pole checks are not rerun,False
2009,1.0,20dB_calibration,vanilla_IBS2,REJECTED_PHYSICAL,results/a23/images/scene_2009_calibration.npz,-0.21510931448434342,0.5716201939445285,-0.10933437040372423,0.23015576027740545,0,406,-0.5,0.0,1e-10,0,0.10933437040372423,0.10933437040372423,True,True,material bounds/nonfinite only; constitutive-pole checks are not rerun,False
2009,1.0,20dB_calibration,A23_compressed_feedback,REJECTED_PHYSICAL,results/a23/images/scene_2009_calibration.npz,-0.26720449888545306,0.5552944130746674,-0.14370387803306303,0.2270044915336467,0,401,-0.5,0.0,1e-10,0,0.14370387803306303,0.14370387803306303,True,True,material bounds/nonfinite only; constitutive-pole checks are not rerun,False
2009,0.15,20dB_nominal_difference,homogeneous_born,REJECTED_PHYSICAL,results/a23/images/scene_2009_t0.15_20dB_nominal_difference.npz,0.01852045150324194,0.17477063931115666,-0.019300136211753964,0.10212979455652106,0,27,-0.5,0.0,1e-10,0,0.019300136211753964,0.019300136211753964,True,True,material bounds/nonfinite only; constitutive-pole checks are not rerun,False
2009,0.15,20dB_nominal_difference,born_BP,OK,results/a23/images/scene_2009_t0.15_20dB_nominal_difference.npz,0.10223822262749907,0.12848672387428742,0.02906992780362075,0.057011536994904785,0,0,-0.5,0.0,1e-10,0,0.0,0.0,True,True,material bounds/nonfinite only; constitutive-pole checks are not rerun,False
2009,0.15,20dB_nominal_difference,dressed_linear_chi,REJECTED_PHYSICAL,results/a23/images/scene_2009_t0.15_20dB_nominal_difference.npz,0.022643703176914165,0.17967536750397073,-0.03972058263722202,0.10772864146324374,0,38,-0.5,0.0,1e-10,0,0.03972058263722202,0.03972058263722202,True,True,material bounds/nonfinite only; constitutive-pole checks are not rerun,False
2009,0.15,20dB_nominal_difference,linear_a_exact_conversion,REJECTED_PHYSICAL,results/a23/images/scene_2009_t0.15_20dB_nominal_difference.npz,0.0241339840968433,0.18177671187204794,-0.038635236624438206,0.10918989030224904,0,39,-0.5,0.0,1e-10,0,0.038635236624438206,0.038635236624438206,True,True,material bounds/nonfinite only; constitutive-pole checks are not rerun,False
2009,0.15,20dB_nominal_difference,vanilla_IBS2,REJECTED_PHYSICAL,results/a23/images/scene_2009_t0.15_20dB_nominal_difference.npz,0.024019895152998474,0.1808887292503537,-0.038396382788292514,0.10789233003238397,0,37,-0.5,0.0,1e-10,0,0.038396382788292514,0.038396382788292514,True,True,material bounds/nonfinite only; constitutive-pole checks are not rerun,False
2009,0.15,20dB_nominal_difference,A23_compressed_feedback,REJECTED_PHYSICAL,results/a23/images/scene_2009_t0.15_20dB_nominal_difference.npz,0.0226597525054357,0.18009336204067747,-0.039231455457189694,0.10833047734128276,0,39,-0.5,0.0,1e-10,0,0.039231455457189694,0.039231455457189694,True,True,material bounds/nonfinite only; constitutive-pole checks are not rerun,False
2009,0.15,20dB_nominal_difference,generic_randomized_linear,OK,results/a23/images/scene_2009_t0.15_20dB_nominal_difference.npz,0.05361525966306742,0.1633350964156455,0.007088630728536639,0.06712843224883001,0,0,-0.5,0.0,1e-10,0,0.0,0.0,True,True,material bounds/nonfinite only; constitutive-pole checks are not rerun,False
2009,0.15,20dB_nominal_difference,current_BP_ratio,OK,results/a23/images/scene_2009_t0.15_20dB_nominal_difference.npz,0.10191689055416644,0.12301987559824783,0.029349201453515463,0.053537333283286394,0,0,-0.5,0.0,1e-10,0,0.0,0.0,True,True,material bounds/nonfinite only; constitutive-pole checks are not rerun,False
2009,0.15,zero,homogeneous_born,OK,results/a23/images/scene_2009_t0.15_zero.npz,0.07608569640396982,0.17331399524759716,0.01780160949930115,0.06939229927322307,0,0,-0.5,0.0,1e-10,0,0.0,0.0,True,True,material bounds/nonfinite only; constitutive-pole checks are not rerun,False
2009,0.15,zero,born_BP,OK,results/a23/images/scene_2009_t0.15_zero.npz,0.10246348077544773,0.12801933970254198,0.029186730764100742,0.056666667010241936,0,0,-0.5,0.0,1e-10,0,0.0,0.0,True,True,material bounds/nonfinite only; constitutive-pole checks are not rerun,False
2009,0.15,zero,dressed_linear_chi,OK,results/a23/images/scene_2009_t0.15_zero.npz,0.07573120375289144,0.18382610572572006,0.018488374769591677,0.06551466378308708,0,0,-0.5,0.0,1e-10,0,0.0,0.0,True,True,material bounds/nonfinite only; constitutive-pole checks are not rerun,False
2009,0.15,zero,linear_a_exact_conversion,OK,results/a23/images/scene_2009_t0.15_zero.npz,0.07591675140722629,0.18615451961440158,0.01860358430200587,0.06636492856004832,0,0,-0.5,0.0,1e-10,0,0.0,0.0,True,True,material bounds/nonfinite only; constitutive-pole checks are not rerun,False
2009,0.15,zero,vanilla_IBS2,OK,results/a23/images/scene_2009_t0.15_zero.npz,0.07631881147129306,0.1846755142792511,0.01782011493528314,0.06515743234513016,0,0,-0.5,0.0,1e-10,0,0.0,0.0,True,True,material bounds/nonfinite only; constitutive-pole checks are not rerun,False
2009,0.15,zero,A23_compressed_feedback,OK,results/a23/images/scene_2009_t0.15_zero.npz,0.0760766713825142,0.18410466507154366,0.018713077788203462,0.064908219864321,0,0,-0.5,0.0,1e-10,0,0.0,0.0,True,True,material bounds/nonfinite only; constitutive-pole checks are not rerun,False
2009,0.15,zero,generic_randomized_linear,REJECTED_PHYSICAL,results/a23/images/scene_2009_t0.15_zero.npz,0.06740680274267916,0.16641938535716616,-0.0019214019885928357,0.06755509202170003,0,1,-0.5,0.0,1e-10,0,0.0019214019885928357,0.0019214019885928357,True,True,material bounds/nonfinite only; constitutive-pole checks are not rerun,False
2009,0.15,zero,current_BP_ratio,OK,results/a23/images/scene_2009_t0.15_zero.npz,0.102091844618899,0.12243599985201835,0.029555638199816672,0.05317409027504995,0,0,-0.5,0.0,1e-10,0,0.0,0.0,True,True,material bounds/nonfinite only; constitutive-pole checks are not rerun,False
2009,0.5,20dB_nominal_difference,homogeneous_born,REJECTED_PHYSICAL,results/a23/images/scene_2009_t0.5_20dB_nominal_difference.npz,-0.03334337240258434,0.3155965334472508,-0.056771989478725436,0.14441234460441527,0,55,-0.5,0.0,1e-10,0,0.056771989478725436,0.056771989478725436,True,True,material bounds/nonfinite only; constitutive-pole checks are not rerun,False
2009,0.5,20dB_nominal_difference,born_BP,OK,results/a23/images/scene_2009_t0.5_20dB_nominal_difference.npz,0.10741897390979176,0.1860803640162501,0.008566850344833656,0.09268102431969802,0,0,-0.5,0.0,1e-10,0,0.0,0.0,True,True,material bounds/nonfinite only; constitutive-pole checks are not rerun,False
2009,0.5,20dB_nominal_difference,dressed_linear_chi,REJECTED_PHYSICAL,results/a23/images/scene_2009_t0.5_20dB_nominal_difference.npz,-0.06046002838440054,0.34569867164474777,-0.04473221741142074,0.15766272325065572,0,84,-0.5,0.0,1e-10,0,0.04473221741142074,0.04473221741142074,True,True,material bounds/nonfinite only; constitutive-pole checks are not rerun,False
2009,0.5,20dB_nominal_difference,linear_a_exact_conversion,REJECTED_PHYSICAL,results/a23/images/scene_2009_t0.5_20dB_nominal_difference.npz,-0.0526172589442038,0.3667031696905495,-0.04394357570052703,0.15111835737544824,0,89,-0.5,0.0,1e-10,0,0.04394357570052703,0.04394357570052703,True,True,material bounds/nonfinite only; constitutive-pole checks are not rerun,False
2009,0.5,20dB_nominal_difference,vanilla_IBS2,REJECTED_PHYSICAL,results/a23/images/scene_2009_t0.5_20dB_nominal_difference.npz,-0.05082299386545133,0.35411646706931077,-0.05047032267631,0.1582553299581214,0,112,-0.5,0.0,1e-10,0,0.05047032267631,0.05047032267631,True,True,material bounds/nonfinite only; constitutive-pole checks are not rerun,False
2009,0.5,20dB_nominal_difference,A23_compressed_feedback,REJECTED_PHYSICAL,results/a23/images/scene_2009_t0.5_20dB_nominal_difference.npz,-0.06082713122967631,0.3486421950085328,-0.048924333746638425,0.16219061710958899,0,101,-0.5,0.0,1e-10,0,0.048924333746638425,0.048924333746638425,True,True,material bounds/nonfinite only; constitutive-pole checks are not rerun,False
2009,0.5,20dB_nominal_difference,generic_randomized_linear,REJECTED_PHYSICAL,results/a23/images/scene_2009_t0.5_20dB_nominal_difference.npz,0.0038816028103623584,0.30338014499862875,-0.0925691647127006,0.1309981843029806,0,123,-0.5,0.0,1e-10,0,0.0925691647127006,0.0925691647127006,True,True,material bounds/nonfinite only; constitutive-pole checks are not rerun,False
2009,0.5,20dB_nominal_difference,current_BP_ratio,OK,results/a23/images/scene_2009_t0.5_20dB_nominal_difference.npz,0.10615500508152928,0.16923254972435284,0.008531533749813887,0.08246168520393302,0,0,-0.5,0.0,1e-10,0,0.0,0.0,True,True,material bounds/nonfinite only; constitutive-pole checks are not rerun,False
2009,0.5,zero,homogeneous_born,REJECTED_PHYSICAL,results/a23/images/scene_2009_t0.5_zero.npz,0.01764877505088866,0.3201270475496251,-0.025394321639446264,0.13476502313713207,0,31,-0.5,0.0,1e-10,0,0.025394321639446264,0.025394321639446264,True,True,material bounds/nonfinite only; constitutive-pole checks are not rerun,False
2009,0.5,zero,born_BP,OK,results/a23/images/scene_2009_t0.5_zero.npz,0.10746449424112836,0.18574868493070917,0.008393162240509407,0.0924195265975877,0,0,-0.5,0.0,1e-10,0,0.0,0.0,True,True,material bounds/nonfinite only; constitutive-pole checks are not rerun,False
2009,0.5,zero,dressed_linear_chi,REJECTED_PHYSICAL,results/a23/images/scene_2009_t0.5_zero.npz,0.014197583944215664,0.35367206022580666,-0.02219539874306655,0.12157572232151814,0,46,-0.5,0.0,1e-10,0,0.02219539874306655,0.02219539874306655,True,True,material bounds/nonfinite only; constitutive-pole checks are not rerun,False
2009,0.5,zero,linear_a_exact_conversion,REJECTED_PHYSICAL,results/a23/images/scene_2009_t0.5_zero.npz,0.016504336320628456,0.37617828800738656,-0.021092306925760192,0.1324823919103084,0,60,-0.5,0.0,1e-10,0,0.021092306925760192,0.021092306925760192,True,True,material bounds/nonfinite only; constitutive-pole checks are not rerun,False
2009,0.5,zero,vanilla_IBS2,REJECTED_PHYSICAL,results/a23/images/scene_2009_t0.5_zero.npz,0.021022495639321806,0.36247998653979996,-0.024924530357774248,0.11833849321117948,0,80,-0.5,0.0,1e-10,0,0.024924530357774248,0.024924530357774248,True,True,material bounds/nonfinite only; constitutive-pole checks are not rerun,False
2009,0.5,zero,A23_compressed_feedback,REJECTED_PHYSICAL,results/a23/images/scene_2009_t0.5_zero.npz,0.01863112253490666,0.35680269989948454,-0.021509478489544466,0.11672511717474066,0,63,-0.5,0.0,1e-10,0,0.021509478489544466,0.021509478489544466,True,True,material bounds/nonfinite only; constitutive-pole checks are not rerun,False
2009,0.5,zero,generic_randomized_linear,REJECTED_PHYSICAL,results/a23/images/scene_2009_t0.5_zero.npz,0.0010713671004741881,0.30167213519563235,-0.08707280537371637,0.1281597920346349,0,119,-0.5,0.0,1e-10,0,0.08707280537371637,0.08707280537371637,True,True,material bounds/nonfinite only; constitutive-pole checks are not rerun,False
2009,0.5,zero,current_BP_ratio,OK,results/a23/images/scene_2009_t0.5_zero.npz,0.10619222886043614,0.16885688572920748,0.0084863749411657,0.08221874949713139,0,0,-0.5,0.0,1e-10,0,0.0,0.0,True,True,material bounds/nonfinite only; constitutive-pole checks are not rerun,False
2009,1.0,20dB_nominal_difference,homogeneous_born,REJECTED_PHYSICAL,results/a23/images/scene_2009_t1.0_20dB_nominal_difference.npz,-0.04771043373533598,0.4907845731696161,-0.11379575443182496,0.23330236832085594,0,151,-0.5,0.0,1e-10,0,0.11379575443182496,0.11379575443182496,True,True,material bounds/nonfinite only; constitutive-pole checks are not rerun,False
2009,1.0,20dB_nominal_difference,born_BP,REJECTED_PHYSICAL,results/a23/images/scene_2009_t1.0_20dB_nominal_difference.npz,0.1123079062967157,0.2541826770645466,-0.01327366994581236,0.13771211399130295,0,81,-0.5,0.0,1e-10,0,0.01327366994581236,0.01327366994581236,True,True,material bounds/nonfinite only; constitutive-pole checks are not rerun,False
2009,1.0,20dB_nominal_difference,dressed_linear_chi,REJECTED_PHYSICAL,results/a23/images/scene_2009_t1.0_20dB_nominal_difference.npz,-0.05061407570614265,0.5544026234604378,-0.08571292663062188,0.20689977819931363,0,208,-0.5,0.0,1e-10,0,0.08571292663062188,0.08571292663062188,True,True,material bounds/nonfinite only; constitutive-pole checks are not rerun,False
2009,1.0,20dB_nominal_difference,linear_a_exact_conversion,REJECTED_PHYSICAL,results/a23/images/scene_2009_t1.0_20dB_nominal_difference.npz,-0.04364597065029483,0.6306963825476152,-0.07965543725059544,0.24947526957151162,0,229,-0.5,0.0,1e-10,0,0.07965543725059544,0.07965543725059544,True,True,material bounds/nonfinite only; constitutive-pole checks are not rerun,False
2009,1.0,20dB_nominal_difference,vanilla_IBS2,REJECTED_PHYSICAL,results/a23/images/scene_2009_t1.0_20dB_nominal_difference.npz,-0.04739286649814792,0.5868802092332481,-0.09963805734255404,0.1956481217997431,0,270,-0.5,0.0,1e-10,0,0.09963805734255404,0.09963805734255404,True,True,material bounds/nonfinite only; constitutive-pole checks are not rerun,False
2009,1.0,20dB_nominal_difference,A23_compressed_feedback,REJECTED_PHYSICAL,results/a23/images/scene_2009_t1.0_20dB_nominal_difference.npz,-0.07880297028846003,0.5667373199361299,-0.08926289790588865,0.1971076111015607,0,269,-0.5,0.0,1e-10,0,0.08926289790588865,0.08926289790588865,True,True,material bounds/nonfinite only; constitutive-pole checks are not rerun,False
2009,1.0,20dB_nominal_difference,generic_randomized_linear,REJECTED_PHYSICAL,results/a23/images/scene_2009_t1.0_20dB_nominal_difference.npz,-0.07973317797638738,0.4603047260449947,-0.19915307482716443,0.20783499713054016,0,274,-0.5,0.0,1e-10,0,0.19915307482716443,0.19915307482716443,True,True,material bounds/nonfinite only; constitutive-pole checks are not rerun,False
2009,1.0,20dB_nominal_difference,current_BP_ratio,REJECTED_PHYSICAL,results/a23/images/scene_2009_t1.0_20dB_nominal_difference.npz,0.10991027869597668,0.225039279460488,-0.015405613104375635,0.12072423293729947,0,142,-0.5,0.0,1e-10,0,0.015405613104375635,0.015405613104375635,True,True,material bounds/nonfinite only; constitutive-pole checks are not rerun,False
2009,1.0,zero,homogeneous_born,REJECTED_PHYSICAL,results/a23/images/scene_2009_t1.0_zero.npz,-0.06830097778199654,0.48685723225973665,-0.07237911410094708,0.22033908097374455,0,114,-0.5,0.0,1e-10,0,0.07237911410094708,0.07237911410094708,True,True,material bounds/nonfinite only; constitutive-pole checks are not rerun,False
2009,1.0,zero,born_BP,REJECTED_PHYSICAL,results/a23/images/scene_2009_t1.0_zero.npz,0.11244577948150397,0.25446474695252586,-0.013989431381145792,0.13748914992573516,0,87,-0.5,0.0,1e-10,0,0.013989431381145792,0.013989431381145792,True,True,material bounds/nonfinite only; constitutive-pole checks are not rerun,False
2009,1.0,zero,dressed_linear_chi,REJECTED_PHYSICAL,results/a23/images/scene_2009_t1.0_zero.npz,-0.08052210634061821,0.5498510726512639,-0.06483474273299239,0.1960530509903623,0,162,-0.5,0.0,1e-10,0,0.06483474273299239,0.06483474273299239,True,True,material bounds/nonfinite only; constitutive-pole checks are not rerun,False
2009,1.0,zero,linear_a_exact_conversion,REJECTED_PHYSICAL,results/a23/images/scene_2009_t1.0_zero.npz,-0.07058901761289806,0.6249388341772126,-0.061334110186830576,0.2351408430520304,0,173,-0.5,0.0,1e-10,0,0.061334110186830576,0.061334110186830576,True,True,material bounds/nonfinite only; constitutive-pole checks are not rerun,False
2009,1.0,zero,vanilla_IBS2,REJECTED_PHYSICAL,results/a23/images/scene_2009_t1.0_zero.npz,-0.05603789991310423,0.5817175647530177,-0.07260916733032383,0.18540452830523504,0,229,-0.5,0.0,1e-10,0,0.07260916733032383,0.07260916733032383,True,True,material bounds/nonfinite only; constitutive-pole checks are not rerun,False
2009,1.0,zero,A23_compressed_feedback,REJECTED_PHYSICAL,results/a23/images/scene_2009_t1.0_zero.npz,-0.06355205955009516,0.5619906265154052,-0.0674028134082573,0.18034174161152572,0,227,-0.5,0.0,1e-10,0,0.0674028134082573,0.0674028134082573,True,True,material bounds/nonfinite only; constitutive-pole checks are not rerun,False
2009,1.0,zero,generic_randomized_linear,REJECTED_PHYSICAL,results/a23/images/scene_2009_t1.0_zero.npz,-0.07646659957014088,0.4595754743820949,-0.18619984809150159,0.20748421135762465,0,296,-0.5,0.0,1e-10,0,0.18619984809150159,0.18619984809150159,True,True,material bounds/nonfinite only; constitutive-pole checks are not rerun,False
2009,1.0,zero,current_BP_ratio,REJECTED_PHYSICAL,results/a23/images/scene_2009_t1.0_zero.npz,0.11011133668012542,0.22511758628064532,-0.01594153270187163,0.12049952725435042,0,145,-0.5,0.0,1e-10,0,0.01594153270187163,0.01594153270187163,True,True,material bounds/nonfinite only; constitutive-pole checks are not rerun,False
2014,1.0,20dB_calibration,dressed_linear_chi,REJECTED_PHYSICAL,results/a23/images/scene_2014_calibration.npz,-0.023230905563850296,0.21183789783070173,-0.07753887911493984,0.1377804268005268,0,90,-0.5,0.0,1e-10,0,0.07753887911493984,0.07753887911493984,True,True,material bounds/nonfinite only; constitutive-pole checks are not rerun,False
2014,1.0,20dB_calibration,vanilla_IBS2,REJECTED_PHYSICAL,results/a23/images/scene_2014_calibration.npz,-0.017872896233197058,0.21309849573887657,-0.07766456116007117,0.13952158255143143,0,79,-0.5,0.0,1e-10,0,0.07766456116007117,0.07766456116007117,True,True,material bounds/nonfinite only; constitutive-pole checks are not rerun,False
2014,1.0,20dB_calibration,A23_compressed_feedback,REJECTED_PHYSICAL,results/a23/images/scene_2014_calibration.npz,-0.01976562915711401,0.21265437009018676,-0.077633747156549,0.1383087449911448,0,80,-0.5,0.0,1e-10,0,0.077633747156549,0.077633747156549,True,True,material bounds/nonfinite only; constitutive-pole checks are not rerun,False
2014,0.15,20dB_nominal_difference,homogeneous_born,OK,results/a23/images/scene_2014_t0.15_20dB_nominal_difference.npz,0.08308519000603162,0.12373751771282679,0.026351469431061814,0.0694550915601378,0,0,-0.5,0.0,1e-10,0,0.0,0.0,True,True,material bounds/nonfinite only; constitutive-pole checks are not rerun,False
2014,0.15,20dB_nominal_difference,born_BP,OK,results/a23/images/scene_2014_t0.15_20dB_nominal_difference.npz,0.10062417009638432,0.10851455152883202,0.03674624105131262,0.044683022818518665,0,0,-0.5,0.0,1e-10,0,0.0,0.0,True,True,material bounds/nonfinite only; constitutive-pole checks are not rerun,False
2014,0.15,20dB_nominal_difference,dressed_linear_chi,OK,results/a23/images/scene_2014_t0.15_20dB_nominal_difference.npz,0.08190727590056734,0.12614361374343,0.01990037138640236,0.06722092361369125,0,0,-0.5,0.0,1e-10,0,0.0,0.0,True,True,material bounds/nonfinite only; constitutive-pole checks are not rerun,False
2014,0.15,20dB_nominal_difference,linear_a_exact_conversion,OK,results/a23/images/scene_2014_t0.15_20dB_nominal_difference.npz,0.08201164518056052,0.12636540888245767,0.019923209546720284,0.06749448689220487,0,0,-0.5,0.0,1e-10,0,0.0,0.0,True,True,material bounds/nonfinite only; constitutive-pole checks are not rerun,False
2014,0.15,20dB_nominal_difference,vanilla_IBS2,OK,results/a23/images/scene_2014_t0.15_20dB_nominal_difference.npz,0.08197524575694466,0.12617678009610656,0.02007860699936345,0.06721546167833167,0,0,-0.5,0.0,1e-10,0,0.0,0.0,True,True,material bounds/nonfinite only; constitutive-pole checks are not rerun,False
2014,0.15,20dB_nominal_difference,A23_compressed_feedback,OK,results/a23/images/scene_2014_t0.15_20dB_nominal_difference.npz,0.08196309333994076,0.12613949912025624,0.020053469933613517,0.06720991960779835,0,0,-0.5,0.0,1e-10,0,0.0,0.0,True,True,material bounds/nonfinite only; constitutive-pole checks are not rerun,False
2014,0.15,20dB_nominal_difference,generic_randomized_linear,OK,results/a23/images/scene_2014_t0.15_20dB_nominal_difference.npz,0.08866438324197813,0.11937173018923608,0.03277683734434057,0.05209096559377611,0,0,-0.5,0.0,1e-10,0,0.0,0.0,True,True,material bounds/nonfinite only; constitutive-pole checks are not rerun,False
2014,0.15,20dB_nominal_difference,current_BP_ratio,OK,results/a23/images/scene_2014_t0.15_20dB_nominal_difference.npz,0.100474788477576,0.10688495917638724,0.03677809749733149,0.04385530183987044,0,0,-0.5,0.0,1e-10,0,0.0,0.0,True,True,material bounds/nonfinite only; constitutive-pole checks are not rerun,False
2014,0.15,zero,homogeneous_born,OK,results/a23/images/scene_2014_t0.15_zero.npz,0.09230325188674691,0.11994207609197585,0.03445117086636986,0.04755346237458888,0,0,-0.5,0.0,1e-10,0,0.0,0.0,True,True,material bounds/nonfinite only; constitutive-pole checks are not rerun,False
2014,0.15,zero,born_BP,OK,results/a23/images/scene_2014_t0.15_zero.npz,0.10077271448561664,0.10826932259737827,0.036950401583901636,0.044706563894061364,0,0,-0.5,0.0,1e-10,0,0.0,0.0,True,True,material bounds/nonfinite only; constitutive-pole checks are not rerun,False
2014,0.15,zero,dressed_linear_chi,OK,results/a23/images/scene_2014_t0.15_zero.npz,0.0924094776557264,0.12266881976678697,0.033594759566975434,0.047085361917124126,0,0,-0.5,0.0,1e-10,0,0.0,0.0,True,True,material bounds/nonfinite only; constitutive-pole checks are not rerun,False
2014,0.15,zero,linear_a_exact_conversion,OK,results/a23/images/scene_2014_t0.15_zero.npz,0.09242418871924965,0.12283516020460532,0.033611263096250815,0.04715371767395515,0,0,-0.5,0.0,1e-10,0,0.0,0.0,True,True,material bounds/nonfinite only; constitutive-pole checks are not rerun,False
2014,0.15,zero,vanilla_IBS2,OK,results/a23/images/scene_2014_t0.15_zero.npz,0.09241799112124904,0.12274763495215685,0.03357167831924367,0.04705739888350607,0,0,-0.5,0.0,1e-10,0,0.0,0.0,True,True,material bounds/nonfinite only; constitutive-pole checks are not rerun,False
2014,0.15,zero,A23_compressed_feedback,OK,results/a23/images/scene_2014_t0.15_zero.npz,0.09245263717678404,0.12268126374349708,0.03367661644098062,0.04704918886946932,0,0,-0.5,0.0,1e-10,0,0.0,0.0,True,True,material bounds/nonfinite only; constitutive-pole checks are not rerun,False
2014,0.15,zero,generic_randomized_linear,OK,results/a23/images/scene_2014_t0.15_zero.npz,0.08830363586303117,0.11818962507480178,0.034134940040731095,0.050850870726649566,0,0,-0.5,0.0,1e-10,0,0.0,0.0,True,True,material bounds/nonfinite only; constitutive-pole checks are not rerun,False
2014,0.15,zero,current_BP_ratio,OK,results/a23/images/scene_2014_t0.15_zero.npz,0.10061398560920312,0.10668927949700649,0.03696547954696751,0.04384611359179917,0,0,-0.5,0.0,1e-10,0,0.0,0.0,True,True,material bounds/nonfinite only; constitutive-pole checks are not rerun,False
2014,0.5,20dB_nominal_difference,homogeneous_born,OK,results/a23/images/scene_2014_t0.5_20dB_nominal_difference.npz,0.06862978994791415,0.15845530725052778,0.0029512018320608513,0.06748868622630894,0,0,-0.5,0.0,1e-10,0,0.0,0.0,True,True,material bounds/nonfinite only; constitutive-pole checks are not rerun,False
2014,0.5,20dB_nominal_difference,born_BP,OK,results/a23/images/scene_2014_t0.5_20dB_nominal_difference.npz,0.10234430492225742,0.12430718301145044,0.031138114935293885,0.053890533956193594,0,0,-0.5,0.0,1e-10,0,0.0,0.0,True,True,material bounds/nonfinite only; constitutive-pole checks are not rerun,False
2014,0.5,20dB_nominal_difference,dressed_linear_chi,REJECTED_PHYSICAL,results/a23/images/scene_2014_t0.5_20dB_nominal_difference.npz,0.06927269242468843,0.16742051746046735,-0.0018505375406530217,0.06489516801270873,0,2,-0.5,0.0,1e-10,0,0.0018505375406530217,0.0018505375406530217,True,True,material bounds/nonfinite only; constitutive-pole checks are not rerun,False
2014,0.5,20dB_nominal_difference,linear_a_exact_conversion,REJECTED_PHYSICAL,results/a23/images/scene_2014_t0.5_20dB_nominal_difference.npz,0.06957397505835441,0.1688955740911759,-0.002066819029205693,0.06564652223391514,0,2,-0.5,0.0,1e-10,0,0.002066819029205693,0.002066819029205693,True,True,material bounds/nonfinite only; constitutive-pole checks are not rerun,False
2014,0.5,20dB_nominal_difference,vanilla_IBS2,REJECTED_PHYSICAL,results/a23/images/scene_2014_t0.5_20dB_nominal_difference.npz,0.06964699916630035,0.16815805339174925,-0.0022482991153147114,0.0646816300963999,0,2,-0.5,0.0,1e-10,0,0.0022482991153147114,0.0022482991153147114,True,True,material bounds/nonfinite only; constitutive-pole checks are not rerun,False
2014,0.5,20dB_nominal_difference,A23_compressed_feedback,REJECTED_PHYSICAL,results/a23/images/scene_2014_t0.5_20dB_nominal_difference.npz,0.06966363897605447,0.16760815243124044,-0.0012509497236459222,0.06457507264443171,0,2,-0.5,0.0,1e-10,0,0.0012509497236459222,0.0012509497236459222,True,True,material bounds/nonfinite only; constitutive-pole checks are not rerun,False
2014,0.5,20dB_nominal_difference,generic_randomized_linear,OK,results/a23/images/scene_2014_t0.5_20dB_nominal_difference.npz,0.06189122469378696,0.15230546383050356,0.024987482549020834,0.06350464337562264,0,0,-0.5,0.0,1e-10,0,0.0,0.0,True,True,material bounds/nonfinite only; constitutive-pole checks are not rerun,False
2014,0.5,20dB_nominal_difference,current_BP_ratio,OK,results/a23/images/scene_2014_t0.5_20dB_nominal_difference.npz,0.10182635263488274,0.11969629652777146,0.031138615003099203,0.051405254102346754,0,0,-0.5,0.0,1e-10,0,0.0,0.0,True,True,material bounds/nonfinite only; constitutive-pole checks are not rerun,False
2014,0.5,zero,homogeneous_born,OK,results/a23/images/scene_2014_t0.5_zero.npz,0.07731541832777447,0.15772999132335241,0.024723065209857127,0.06255353651898268,0,0,-0.5,0.0,1e-10,0,0.0,0.0,True,True,material bounds/nonfinite only; constitutive-pole checks are not rerun,False
2014,0.5,zero,born_BP,OK,results/a23/images/scene_2014_t0.5_zero.npz,0.10224557601194371,0.1242759795418219,0.031136619328071612,0.05391948477975585,0,0,-0.5,0.0,1e-10,0,0.0,0.0,True,True,material bounds/nonfinite only; constitutive-pole checks are not rerun,False
2014,0.5,zero,dressed_linear_chi,OK,results/a23/images/scene_2014_t0.5_zero.npz,0.07705014327230539,0.16597836794400445,0.023328562859546563,0.06101923670251182,0,0,-0.5,0.0,1e-10,0,0.0,0.0,True,True,material bounds/nonfinite only; constitutive-pole checks are not rerun,False
2014,0.5,zero,linear_a_exact_conversion,OK,results/a23/images/scene_2014_t0.5_zero.npz,0.07717128289934197,0.16741293932326398,0.023517107146148124,0.06161021802491887,0,0,-0.5,0.0,1e-10,0,0.0,0.0,True,True,material bounds/nonfinite only; constitutive-pole checks are not rerun,False
2014,0.5,zero,vanilla_IBS2,OK,results/a23/images/scene_2014_t0.5_zero.npz,0.0771751247436285,0.1666062438305442,0.02329286060634312,0.06081057587735721,0,0,-0.5,0.0,1e-10,0,0.0,0.0,True,True,material bounds/nonfinite only; constitutive-pole checks are not rerun,False
2014,0.5,zero,A23_compressed_feedback,OK,results/a23/images/scene_2014_t0.5_zero.npz,0.0774517447570238,0.16609267787204246,0.023605731048506044,0.06071670164298442,0,0,-0.5,0.0,1e-10,0,0.0,0.0,True,True,material bounds/nonfinite only; constitutive-pole checks are not rerun,False
2014,0.5,zero,generic_randomized_linear,OK,results/a23/images/scene_2014_t0.5_zero.npz,0.06696549293345569,0.15308064303419258,0.023421948871985433,0.07120373216458789,0,0,-0.5,0.0,1e-10,0,0.0,0.0,True,True,material bounds/nonfinite only; constitutive-pole checks are not rerun,False
2014,0.5,zero,current_BP_ratio,OK,results/a23/images/scene_2014_t0.5_zero.npz,0.10186081889205997,0.1196520872128058,0.031136388252902502,0.051415648193725724,0,0,-0.5,0.0,1e-10,0,0.0,0.0,True,True,material bounds/nonfinite only; constitutive-pole checks are not rerun,False
2014,1.0,20dB_nominal_difference,homogeneous_born,OK,results/a23/images/scene_2014_t1.0_20dB_nominal_difference.npz,0.05023584730551721,0.19773251583986773,0.0025037470356172042,0.07719876601660536,0,0,-0.5,0.0,1e-10,0,0.0,0.0,True,True,material bounds/nonfinite only; constitutive-pole checks are not rerun,False
2014,1.0,20dB_nominal_difference,born_BP,OK,results/a23/images/scene_2014_t1.0_20dB_nominal_difference.npz,0.10394565143367566,0.1418620246589556,0.02496760585302272,0.06420566972772099,0,0,-0.5,0.0,1e-10,0,0.0,0.0,True,True,material bounds/nonfinite only; constitutive-pole checks are not rerun,False
2014,1.0,20dB_nominal_difference,dressed_linear_chi,REJECTED_PHYSICAL,results/a23/images/scene_2014_t1.0_20dB_nominal_difference.npz,0.05047371275108044,0.21160599699728153,-0.0004231404946696063,0.07650157388941842,0,1,-0.5,0.0,1e-10,0,0.0004231404946696063,0.0004231404946696063,True,True,material bounds/nonfinite only; constitutive-pole checks are not rerun,False
2014,1.0,20dB_nominal_difference,linear_a_exact_conversion,OK,results/a23/images/scene_2014_t1.0_20dB_nominal_difference.npz,0.051027951400007654,0.21574138523219635,0.0003505989289338823,0.07678865732527929,0,0,-0.5,0.0,1e-10,0,0.0,0.0,True,True,material bounds/nonfinite only; constitutive-pole checks are not rerun,False
2014,1.0,20dB_nominal_difference,vanilla_IBS2,REJECTED_PHYSICAL,results/a23/images/scene_2014_t1.0_20dB_nominal_difference.npz,0.052121118288508315,0.21383760992580647,-0.0004655921603618565,0.07652309192154266,0,1,-0.5,0.0,1e-10,0,0.0004655921603618565,0.0004655921603618565,True,True,material bounds/nonfinite only; constitutive-pole checks are not rerun,False
2014,1.0,20dB_nominal_difference,A23_compressed_feedback,OK,results/a23/images/scene_2014_t1.0_20dB_nominal_difference.npz,0.0495586805892223,0.21214964590499974,0.0015785594256263052,0.07635454454473159,0,0,-0.5,0.0,1e-10,0,0.0,0.0,True,True,material bounds/nonfinite only; constitutive-pole checks are not rerun,False
2014,1.0,20dB_nominal_difference,generic_randomized_linear,OK,results/a23/images/scene_2014_t1.0_20dB_nominal_difference.npz,0.04228883193247709,0.19193684477403355,0.013575970322289643,0.09315268563358933,0,0,-0.5,0.0,1e-10,0,0.0,0.0,True,True,material bounds/nonfinite only; constitutive-pole checks are not rerun,False
2014,1.0,20dB_nominal_difference,current_BP_ratio,OK,results/a23/images/scene_2014_t1.0_20dB_nominal_difference.npz,0.10326781799825806,0.133952709249309,0.02488098201569478,0.059944997476652655,0,0,-0.5,0.0,1e-10,0,0.0,0.0,True,True,material bounds/nonfinite only; constitutive-pole checks are not rerun,False
2014,1.0,zero,homogeneous_born,OK,results/a23/images/scene_2014_t1.0_zero.npz,0.05765216073960877,0.19813134598436996,0.014603163085440025,0.07962496752934295,0,0,-0.5,0.0,1e-10,0,0.0,0.0,True,True,material bounds/nonfinite only; constitutive-pole checks are not rerun,False
2014,1.0,zero,born_BP,OK,results/a23/images/scene_2014_t1.0_zero.npz,0.1038499901261242,0.14188334263827637,0.024840658396727236,0.06421784141833786,0,0,-0.5,0.0,1e-10,0,0.0,0.0,True,True,material bounds/nonfinite only; constitutive-pole checks are not rerun,False
2014,1.0,zero,dressed_linear_chi,OK,results/a23/images/scene_2014_t1.0_zero.npz,0.056782579113023576,0.21280621380145043,0.012157900677905533,0.07671686423199775,0,0,-0.5,0.0,1e-10,0,0.0,0.0,True,True,material bounds/nonfinite only; constitutive-pole checks are not rerun,False
2014,1.0,zero,linear_a_exact_conversion,OK,results/a23/images/scene_2014_t1.0_zero.npz,0.05737556092318299,0.21706585255029948,0.012785308302893351,0.07848031183389617,0,0,-0.5,0.0,1e-10,0,0.0,0.0,True,True,material bounds/nonfinite only; constitutive-pole checks are not rerun,False
2014,1.0,zero,vanilla_IBS2,OK,results/a23/images/scene_2014_t1.0_zero.npz,0.05877560895483918,0.21458120345972598,0.012017836834151977,0.07619046093035263,0,0,-0.5,0.0,1e-10,0,0.0,0.0,True,True,material bounds/nonfinite only; constitutive-pole checks are not rerun,False
2014,1.0,zero,A23_compressed_feedback,OK,results/a23/images/scene_2014_t1.0_zero.npz,0.057478655853124484,0.2132161294807456,0.01292632498069642,0.07584109059318397,0,0,-0.5,0.0,1e-10,0,0.0,0.0,True,True,material bounds/nonfinite only; constitutive-pole checks are not rerun,False
2014,1.0,zero,generic_randomized_linear,OK,results/a23/images/scene_2014_t1.0_zero.npz,0.04492144880889639,0.19099143683608355,0.012608644692546061,0.09258328889110456,0,0,-0.5,0.0,1e-10,0,0.0,0.0,True,True,material bounds/nonfinite only; constitutive-pole checks are not rerun,False
2014,1.0,zero,current_BP_ratio,OK,results/a23/images/scene_2014_t1.0_zero.npz,0.10319420681679375,0.13394991088416214,0.024790031425123343,0.059940960271932534,0,0,-0.5,0.0,1e-10,0,0.0,0.0,True,True,material bounds/nonfinite only; constitutive-pole checks are not rerun,False
