scene,method,status,actual_rank,rank_domain,rank_status,retained_rank,source_rank,transfer_error,decoder_weighted_error,dual_response_error,old_cached_transfer_relative_error,common_reference_geometry_seconds,receiver_geometry_cold_attribution_seconds,cold_encoder_local_increment_seconds,direct_independent_cold_seconds,cold_encoder_with_independent_construction_seconds,full_cold_encoder_seconds,common_evaluation_decoder_prepare_seconds,full_cold_encoder_plus_evaluation_decoder_seconds,cold_evaluation_seconds,cold_local_wall_including_evaluation_seconds,warm_local_encoder_increments_json,warm_direct_independent_seconds_json,warm_encoder_increments_seconds_json,warm_encoder_increment_mean_seconds,warm_encoder_increment_median_seconds,warm_valid_time_slots,warm_reference_and_receiver_geometry,cold_time_scope,cold_repeat_status,warm_repeat_statuses_json,recorded_attempt_count,failed_attempt_count,L_rhs,L_adjoint_rhs,F_rhs,F_adjoint_rhs,G_rhs,G_adjoint_rhs,S_rhs,S_adjoint_rhs,solve_forward_rhs,solve_adjoint_rhs,B_rhs,B_adjoint_rhs,L_adjoint_residual_audit_rhs,forcing_rhs,reduced_core_rhs,qr_columns,svd_calls,retained_factorizations,projected_factorizations,full_LU_factorizations,cache_read_bytes,cache_write_bytes,transfer_bytes,failed_attempts,action_scope,metadata_reference,input_csv_record_number
2001,original_opm,OK,32,complex_current_basis,RECORDED,8,,0.054624550671187065,0.2902444760540012,0.21616511955306386,5.331118211846375e-15,7.7924879000056535,0.7363376000430435,3.8025061999214813,0.0,3.8025061999214813,12.331331699970178,8.249160300008953,20.58049199997913,0.08856299996841699,3.907153600011952,"[3.888394200010225,3.848972000007052,3.7350295000360347,3.751735700003337,3.794382699939888]","[0.0,0.0,0.0,0.0,0.0]","[3.888394200010225,3.848972000007052,3.7350295000360347,3.751735700003337,3.794382699939888]",3.8037028199993075,3.794382699939888,5,cold reference and receiver geometry reused; costs excluded,reference + receiver modes when used + arm encoder/export + direct construction when used; probe evaluation excluded,OK,"[""OK"",""OK"",""OK"",""OK"",""OK""]",6,0,62,24,16,12,0,0,32,24,0,0,24,0,0,6,20736,144,9,1,1,0,0,45122044,42467328,0,repeats[0].counts + direct independent cold_counts once; common preparation actions excluded,results/a23/h1/scene_2001/H1_METRICS.json#/0/metadata,2
2001,cached_opm,OK,32,complex_current_basis,RECORDED,8,,0.05462455067118702,0.2902444760540009,0.21616511955306383,5.331118211846375e-15,7.7924879000056535,0.7363376000430435,3.696855999995023,0.0,3.696855999995023,12.22568150004372,8.249160300008953,20.474841800052673,0.0932586999842897,3.809453699970618,"[3.8391911999788135,3.8067162999650463,3.8041688000084832,3.7348525999113917,3.882635500107426]","[0.0,0.0,0.0,0.0,0.0]","[3.8391911999788135,3.8067162999650463,3.8041688000084832,3.7348525999113917,3.882635500107426]",3.8135128799942324,3.8067162999650463,5,cold reference and receiver geometry reused; costs excluded,reference + receiver modes when used + arm encoder/export + direct construction when used; probe evaluation excluded,OK,"[""OK"",""OK"",""OK"",""OK"",""OK""]",6,0,32,0,16,12,0,0,32,24,0,0,24,0,0,6,20736,144,9,1,1,0,0,45122044,42467328,0,repeats[0].counts + direct independent cold_counts once; common preparation actions excluded,results/a23/h1/scene_2001/H1_METRICS.json#/1/metadata,3
2001,source_anchored_opm,OK,24,complex_current_basis,RECORDED,8,6,0.09673472008380796,0.547224986203929,0.3182299446701951,,7.7924879000056535,0.7363376000430435,3.3669697000295855,0.0,3.3669697000295855,11.895795200078283,8.249160300008953,20.144955500087235,0.09156249999068677,3.4784707999788225,"[3.3770496999495663,3.386835500015877,3.3902550999773666,3.3886393000721,3.4237755999783985]","[0.0,0.0,0.0,0.0,0.0]","[3.3770496999495663,3.386835500015877,3.3902550999773666,3.3886393000721,3.4237755999783985]",3.393311039998662,3.3886393000721,5,cold reference and receiver geometry reused; costs excluded,reference + receiver modes when used + arm encoder/export + direct construction when used; probe evaluation excluded,OK,"[""OK"",""OK"",""OK"",""OK"",""OK""]",6,0,24,0,12,12,0,0,24,24,0,0,24,0,0,6,20736,140,10,1,1,0,0,44458492,42467328,0,repeats[0].counts + direct independent cold_counts once; common preparation actions excluded,results/a23/h1/scene_2001/H1_METRICS.json#/2/metadata,4
2001,source_anchored_om,OK,24,complex_current_basis,RECORDED,8,6,0.09673472008380796,0.547224986203929,0.3182299446701951,,7.7924879000056535,0.7363376000430435,3.3313773998524994,0.0,3.3313773998524994,11.860202899901196,8.249160300008953,20.10936319991015,0.0890510999597609,3.43884740001522,"[3.4412003999459557,3.361418699962087,3.377674699993804,3.3885973999858834,3.4140671999775805]","[0.0,0.0,0.0,0.0,0.0]","[3.4412003999459557,3.361418699962087,3.377674699993804,3.3885973999858834,3.4140671999775805]",3.396591679973062,3.3885973999858834,5,cold reference and receiver geometry reused; costs excluded,reference + receiver modes when used + arm encoder/export + direct construction when used; probe evaluation excluded,OK,"[""OK"",""OK"",""OK"",""OK"",""OK""]",6,0,24,0,12,12,0,0,24,24,0,0,24,0,0,0,20736,134,9,1,1,0,0,44458492,42467328,0,repeats[0].counts + direct independent cold_counts once; common preparation actions excluded,results/a23/h1/scene_2001/H1_METRICS.json#/3/metadata,5
2001,mp,OK,24,complex_current_basis,RECORDED,8,,0.10752391844511806,0.5424482051676495,0.3344349547385512,,7.7924879000056535,0.7363376000430435,3.19693630002439,0.0,3.19693630002439,11.725761800073087,8.249160300008953,19.97492210008204,0.09055650001391768,3.3082789999898523,"[3.231844199995976,3.1613984999712557,3.1395119000808336,3.2486406000098214,3.202552600123454]","[0.0,0.0,0.0,0.0,0.0]","[3.231844199995976,3.1613984999712557,3.1395119000808336,3.2486406000098214,3.202552600123454]",3.196789560036268,3.202552600123454,5,cold reference and receiver geometry reused; costs excluded,reference + receiver modes when used + arm encoder/export + direct construction when used; probe evaluation excluded,OK,"[""OK"",""OK"",""OK"",""OK"",""OK""]",6,0,24,0,16,8,0,0,24,0,0,0,24,0,0,6,20736,84,7,1,1,0,0,44458492,42467328,0,repeats[0].counts + direct independent cold_counts once; common preparation actions excluded,results/a23/h1/scene_2001/H1_METRICS.json#/4/metadata,6
2001,m_only,OK,16,complex_current_basis,RECORDED,8,,0.24131396133813623,0.9462380138100379,0.4552006292686573,,7.7924879000056535,0.7363376000430435,2.8061723999562673,0.0,2.8061723999562673,11.334997900004964,8.249160300008953,19.584158200013917,0.08995340002002195,2.913571499986574,"[2.794959199964069,2.8031918998458423,2.9091864000074565,2.88289489998715,2.8869381999829784]","[0.0,0.0,0.0,0.0,0.0]","[2.794959199964069,2.8031918998458423,2.9091864000074565,2.88289489998715,2.8869381999829784]",2.8554341199574993,2.88289489998715,5,cold reference and receiver geometry reused; costs excluded,reference + receiver modes when used + arm encoder/export + direct construction when used; probe evaluation excluded,OK,"[""OK"",""OK"",""OK"",""OK"",""OK""]",6,0,16,0,12,8,0,0,16,0,0,0,24,0,0,0,20736,60,5,1,1,0,0,43794940,42467328,0,repeats[0].counts + direct independent cold_counts once; common preparation actions excluded,results/a23/h1/scene_2001/H1_METRICS.json#/5/metadata,7
2001,randomized_transfer,OK,32,real_data_range,RECORDED,,,0.1031898639606956,0.9316345321071726,0.20155197370875105,,7.7924879000056535,0.0,3.548271600040607,0.0,3.548271600040607,11.34075950004626,8.249160300008953,19.589919800055213,0.05250550003256649,3.608404900005553,"[3.379578899999615,3.356737400055863,3.367294399999082,3.3404840999864973,3.3670328000443988]","[0.0,0.0,0.0,0.0,0.0]","[3.379578899999615,3.356737400055863,3.367294399999082,3.3404840999864973,3.3670328000443988]",3.362225520017091,3.3670328000443988,5,cold reference and receiver geometry reused; costs excluded,reference + receiver modes when used + arm encoder/export + direct construction when used; probe evaluation excluded,OK,"[""OK"",""OK"",""OK"",""OK"",""OK""]",6,0,0,0,0,0,0,0,192,192,192,192,192,0,0,0,0,32,0,0,0,0,0,43746058,42467328,0,repeats[0].counts + direct independent cold_counts once; common preparation actions excluded,results/a23/h1/scene_2001/H1_METRICS.json#/6/metadata,8
2001,direct_adjoint,OK,,exact_real_material_data_transfer,NOT_RECORDED,,,0.0,0.0,0.0,,7.7924879000056535,0.0,0.19290109997382388,4.8468606999958865,5.03976179996971,12.832249699975364,8.249160300008953,21.081409999984317,0.09273380000377074,0.2926300000399351,"[0.1959025000105612,0.1941502999397926,0.19516600004862994,0.1966649999958463,0.19564520003041252]","[5.105571300024167,4.977968899998814,4.9810455000260845,5.0093529999721795,4.99004269996658]","[5.301473800034728,5.1721191999386065,5.176211500074714,5.206017999968026,5.185687899996992]",5.208302080002613,5.185687899996992,5,cold reference and receiver geometry reused; costs excluded,reference + receiver modes when used + arm encoder/export + direct construction when used; probe evaluation excluded,OK,"[""OK"",""OK"",""OK"",""OK"",""OK""]",6,0,0,0,0,0,0,0,0,128,0,128,0,768,128,0,0,0,0,0,0,0,42467328,42467594,0,0,repeats[0].counts + direct independent cold_counts once; common preparation actions excluded,results/a23/h1/scene_2001/H1_METRICS.json#/7/metadata,9
2003,original_opm,OK,32,complex_current_basis,RECORDED,8,,0.06151660423895073,0.3006205214812591,0.21544052825068155,5.9185991870415126e-15,11.838777999975719,0.7512195000308566,3.838794799929019,0.0,3.838794799929019,16.428792299935594,7.987446399987675,24.41623869992327,0.09267630003159866,3.948351399973035,"[3.7814851999864914,3.7609363000956364,3.8111250000656582,3.889258100069128,3.7458668999024667]","[0.0,0.0,0.0,0.0,0.0]","[3.7814851999864914,3.7609363000956364,3.8111250000656582,3.889258100069128,3.7458668999024667]",3.797734300023876,3.7814851999864914,5,cold reference and receiver geometry reused; costs excluded,reference + receiver modes when used + arm encoder/export + direct construction when used; probe evaluation excluded,OK,"[""OK"",""OK"",""OK"",""OK"",""OK""]",6,0,62,24,16,12,0,0,32,24,0,0,24,0,0,6,20736,144,9,1,1,0,0,45122044,42467328,0,repeats[0].counts + direct independent cold_counts once; common preparation actions excluded,results/a23/h1/scene_2003/H1_METRICS.json#/0/metadata,10
2003,cached_opm,OK,32,complex_current_basis,RECORDED,8,,0.061516604238950716,0.300620521481259,0.21544052825068155,5.9185991870415126e-15,11.838777999975719,0.7512195000308566,3.7717400999972597,0.0,3.7717400999972597,16.361737600003835,7.987446399987675,24.34918399999151,0.0917644000146538,3.8818362000165507,"[3.7483522000256926,3.600213199853897,3.74060600012308,3.6561869000433944,3.751096899912227]","[0.0,0.0,0.0,0.0,0.0]","[3.7483522000256926,3.600213199853897,3.74060600012308,3.6561869000433944,3.751096899912227]",3.699291039991658,3.74060600012308,5,cold reference and receiver geometry reused; costs excluded,reference + receiver modes when used + arm encoder/export + direct construction when used; probe evaluation excluded,OK,"[""OK"",""OK"",""OK"",""OK"",""OK""]",6,0,32,0,16,12,0,0,32,24,0,0,24,0,0,6,20736,144,9,1,1,0,0,45122044,42467328,0,repeats[0].counts + direct independent cold_counts once; common preparation actions excluded,results/a23/h1/scene_2003/H1_METRICS.json#/1/metadata,11
2003,source_anchored_opm,OK,24,complex_current_basis,RECORDED,8,6,0.10411611131650628,0.47168375119371014,0.3218974528383103,,11.838777999975719,0.7512195000308566,3.488777399994433,0.0,3.488777399994433,16.078774900001008,7.987446399987675,24.066221299988683,0.09080259996699169,3.5959872999810614,"[3.3811803999124095,3.4132266999804415,3.3216165000922047,3.3964078000281006,3.453174100141041]","[0.0,0.0,0.0,0.0,0.0]","[3.3811803999124095,3.4132266999804415,3.3216165000922047,3.3964078000281006,3.453174100141041]",3.3931211000308394,3.3964078000281006,5,cold reference and receiver geometry reused; costs excluded,reference + receiver modes when used + arm encoder/export + direct construction when used; probe evaluation excluded,OK,"[""OK"",""OK"",""OK"",""OK"",""OK""]",6,0,24,0,12,12,0,0,24,24,0,0,24,0,0,6,20736,140,10,1,1,0,0,44458492,42467328,0,repeats[0].counts + direct independent cold_counts once; common preparation actions excluded,results/a23/h1/scene_2003/H1_METRICS.json#/2/metadata,12
2003,source_anchored_om,OK,24,complex_current_basis,RECORDED,8,6,0.10411611131650628,0.47168375119371014,0.3218974528383103,,11.838777999975719,0.7512195000308566,3.381795799941756,0.0,3.381795799941756,15.971793299948331,7.987446399987675,23.959239699936006,0.0917201999691315,3.4928114999784157,"[3.3833744999719784,3.379464200057555,3.4079065999248996,3.3840141000109725,3.398375400051009]","[0.0,0.0,0.0,0.0,0.0]","[3.3833744999719784,3.379464200057555,3.4079065999248996,3.3840141000109725,3.398375400051009]",3.390626960003283,3.3840141000109725,5,cold reference and receiver geometry reused; costs excluded,reference + receiver modes when used + arm encoder/export + direct construction when used; probe evaluation excluded,OK,"[""OK"",""OK"",""OK"",""OK"",""OK""]",6,0,24,0,12,12,0,0,24,24,0,0,24,0,0,0,20736,134,9,1,1,0,0,44458492,42467328,0,repeats[0].counts + direct independent cold_counts once; common preparation actions excluded,results/a23/h1/scene_2003/H1_METRICS.json#/3/metadata,13
2003,mp,OK,24,complex_current_basis,RECORDED,8,,0.11715337365497062,0.49501333253286006,0.3225096551987164,,11.838777999975719,0.7512195000308566,3.2039426999981515,0.0,3.2039426999981515,15.793940200004727,7.987446399987675,23.781386599992402,0.09300920000532642,3.3145060000242665,"[3.1572397999698296,3.2102879000012763,3.150511999905575,3.284431800013408,3.1920053000212647]","[0.0,0.0,0.0,0.0,0.0]","[3.1572397999698296,3.2102879000012763,3.150511999905575,3.284431800013408,3.1920053000212647]",3.198895359982271,3.1920053000212647,5,cold reference and receiver geometry reused; costs excluded,reference + receiver modes when used + arm encoder/export + direct construction when used; probe evaluation excluded,OK,"[""OK"",""OK"",""OK"",""OK"",""OK""]",6,0,24,0,16,8,0,0,24,0,0,0,24,0,0,6,20736,84,7,1,1,0,0,44458492,42467328,0,repeats[0].counts + direct independent cold_counts once; common preparation actions excluded,results/a23/h1/scene_2003/H1_METRICS.json#/4/metadata,14
2003,m_only,OK,16,complex_current_basis,RECORDED,8,,0.24569988399949766,1.013522207333382,0.4822792151254329,,11.838777999975719,0.7512195000308566,2.8215162999695167,0.0,2.8215162999695167,15.411513799976092,7.987446399987675,23.398960199963767,0.09380349999992177,2.9328416000353172,"[2.8134985000360757,2.795917599927634,2.79258440004196,2.804248800035566,2.9018625000026077]","[0.0,0.0,0.0,0.0,0.0]","[2.8134985000360757,2.795917599927634,2.79258440004196,2.804248800035566,2.9018625000026077]",2.8216223600087686,2.804248800035566,5,cold reference and receiver geometry reused; costs excluded,reference + receiver modes when used + arm encoder/export + direct construction when used; probe evaluation excluded,OK,"[""OK"",""OK"",""OK"",""OK"",""OK""]",6,0,16,0,12,8,0,0,16,0,0,0,24,0,0,0,20736,60,5,1,1,0,0,43794940,42467328,0,repeats[0].counts + direct independent cold_counts once; common preparation actions excluded,results/a23/h1/scene_2003/H1_METRICS.json#/5/metadata,15
2003,randomized_transfer,OK,32,real_data_range,RECORDED,,,0.0958825412570055,0.8648694251636115,0.20452192051892112,,11.838777999975719,0.0,3.531834700028412,0.0,3.531834700028412,15.37061270000413,7.987446399987675,23.358059099991806,0.09103599999798462,3.630244300002232,"[3.288790100021288,3.2946892000036314,3.2855814000358805,3.247601200011559,3.279469600005541]","[0.0,0.0,0.0,0.0,0.0]","[3.288790100021288,3.2946892000036314,3.2855814000358805,3.247601200011559,3.279469600005541]",3.27922630001558,3.2855814000358805,5,cold reference and receiver geometry reused; costs excluded,reference + receiver modes when used + arm encoder/export + direct construction when used; probe evaluation excluded,OK,"[""OK"",""OK"",""OK"",""OK"",""OK""]",6,0,0,0,0,0,0,0,192,192,192,192,192,0,0,0,0,32,0,0,0,0,0,43746058,42467328,0,repeats[0].counts + direct independent cold_counts once; common preparation actions excluded,results/a23/h1/scene_2003/H1_METRICS.json#/6/metadata,16
2003,direct_adjoint,OK,,exact_real_material_data_transfer,NOT_RECORDED,,,0.0,0.0,0.0,,11.838777999975719,0.0,0.18684330000542104,4.792140399978962,4.978983699984383,16.8177616999601,7.987446399987675,24.805208099947777,0.08869959996081889,0.28036959999008104,"[0.18991170002846047,0.1900570000289008,0.18704829999478534,0.19021590007469058,0.18535089999204502]","[4.989245900011156,5.011904500017408,4.962495399988256,5.032125500030816,4.82642349996604]","[5.179157600039616,5.201961500046309,5.149543699983042,5.222341400105506,5.011774399958085]",5.152955720026512,5.179157600039616,5,cold reference and receiver geometry reused; costs excluded,reference + receiver modes when used + arm encoder/export + direct construction when used; probe evaluation excluded,OK,"[""OK"",""OK"",""OK"",""OK"",""OK""]",6,0,0,0,0,0,0,0,0,128,0,128,0,768,128,0,0,0,0,0,0,0,42467328,42467594,0,0,repeats[0].counts + direct independent cold_counts once; common preparation actions excluded,results/a23/h1/scene_2003/H1_METRICS.json#/7/metadata,17
2014,original_opm,OK,32,complex_current_basis,RECORDED,8,,0.048642795147722524,0.2582975146696878,0.19080865540682032,5.475048096704366e-15,10.44119199999841,0.7303735999739729,3.823797999881208,0.0,3.823797999881208,14.99536359985359,7.902921699977014,22.898285299830604,0.08953759999712929,3.9287222999846563,"[3.8617933999630623,3.7625744999968447,3.8086132999742404,3.771466300007887,3.8225616000127047]","[0.0,0.0,0.0,0.0,0.0]","[3.8617933999630623,3.7625744999968447,3.8086132999742404,3.771466300007887,3.8225616000127047]",3.805401819990948,3.8086132999742404,5,cold reference and receiver geometry reused; costs excluded,reference + receiver modes when used + arm encoder/export + direct construction when used; probe evaluation excluded,OK,"[""OK"",""OK"",""OK"",""OK"",""OK""]",6,0,62,24,16,12,0,0,32,24,0,0,24,0,0,6,20736,144,9,1,1,0,0,45122044,42467328,0,repeats[0].counts + direct independent cold_counts once; common preparation actions excluded,results/a23/h1/scene_2014/H1_METRICS.json#/0/metadata,18
2014,cached_opm,OK,32,complex_current_basis,RECORDED,8,,0.0486427951477225,0.25829751466968776,0.19080865540682032,5.475048096704366e-15,10.44119199999841,0.7303735999739729,3.7713882999960333,0.0,3.7713882999960333,14.942953899968415,7.902921699977014,22.84587559994543,0.09135890001198277,3.8800492999725975,"[3.77437309990637,3.7681443999754265,3.727397999842651,3.6497885001590475,3.8452104999450967]","[0.0,0.0,0.0,0.0,0.0]","[3.77437309990637,3.7681443999754265,3.727397999842651,3.6497885001590475,3.8452104999450967]",3.752982899965718,3.7681443999754265,5,cold reference and receiver geometry reused; costs excluded,reference + receiver modes when used + arm encoder/export + direct construction when used; probe evaluation excluded,OK,"[""OK"",""OK"",""OK"",""OK"",""OK""]",6,0,32,0,16,12,0,0,32,24,0,0,24,0,0,6,20736,144,9,1,1,0,0,45122044,42467328,0,repeats[0].counts + direct independent cold_counts once; common preparation actions excluded,results/a23/h1/scene_2014/H1_METRICS.json#/1/metadata,19
2014,source_anchored_opm,OK,24,complex_current_basis,RECORDED,8,6,0.09904766857840051,0.43727206470229024,0.3117942604620921,,10.44119199999841,0.7303735999739729,3.3797091000596993,0.0,3.3797091000596993,14.551274700032081,7.902921699977014,22.454196400009096,0.08725110004888847,3.485709599975962,"[3.381122100050561,3.3943972000852227,3.395708500116598,3.4731689000036567,3.3761413000756875]","[0.0,0.0,0.0,0.0,0.0]","[3.381122100050561,3.3943972000852227,3.395708500116598,3.4731689000036567,3.3761413000756875]",3.4041076000663453,3.3943972000852227,5,cold reference and receiver geometry reused; costs excluded,reference + receiver modes when used + arm encoder/export + direct construction when used; probe evaluation excluded,OK,"[""OK"",""OK"",""OK"",""OK"",""OK""]",6,0,24,0,12,12,0,0,24,24,0,0,24,0,0,6,20736,140,10,1,1,0,0,44458492,42467328,0,repeats[0].counts + direct independent cold_counts once; common preparation actions excluded,results/a23/h1/scene_2014/H1_METRICS.json#/2/metadata,20
2014,source_anchored_om,OK,24,complex_current_basis,RECORDED,8,6,0.09904766857840051,0.43727206470229024,0.3117942604620921,,10.44119199999841,0.7303735999739729,3.4333245000452735,0.0,3.4333245000452735,14.604890100017656,7.902921699977014,22.50781179999467,0.09133229998406023,3.543832499999553,"[3.323048300051596,3.4237054000259377,3.3697624999913387,3.3947856000741012,3.3983854999532923]","[0.0,0.0,0.0,0.0,0.0]","[3.323048300051596,3.4237054000259377,3.3697624999913387,3.3947856000741012,3.3983854999532923]",3.381937460019253,3.3947856000741012,5,cold reference and receiver geometry reused; costs excluded,reference + receiver modes when used + arm encoder/export + direct construction when used; probe evaluation excluded,OK,"[""OK"",""OK"",""OK"",""OK"",""OK""]",6,0,24,0,12,12,0,0,24,24,0,0,24,0,0,0,20736,134,9,1,1,0,0,44458492,42467328,0,repeats[0].counts + direct independent cold_counts once; common preparation actions excluded,results/a23/h1/scene_2014/H1_METRICS.json#/3/metadata,21
2014,mp,OK,24,complex_current_basis,RECORDED,8,,0.11093005564206422,0.48639055814600274,0.315191966733875,,10.44119199999841,0.7303735999739729,3.191727799945511,0.0,3.191727799945511,14.363293399917893,7.902921699977014,22.266215099894907,0.09221679996699095,3.302561799995601,"[3.2121681998833083,3.2230997000006028,3.1928588000591844,3.112126700056251,3.243493500049226]","[0.0,0.0,0.0,0.0,0.0]","[3.2121681998833083,3.2230997000006028,3.1928588000591844,3.112126700056251,3.243493500049226]",3.1967493800097144,3.2121681998833083,5,cold reference and receiver geometry reused; costs excluded,reference + receiver modes when used + arm encoder/export + direct construction when used; probe evaluation excluded,OK,"[""OK"",""OK"",""OK"",""OK"",""OK""]",6,0,24,0,16,8,0,0,24,0,0,0,24,0,0,6,20736,84,7,1,1,0,0,44458492,42467328,0,repeats[0].counts + direct independent cold_counts once; common preparation actions excluded,results/a23/h1/scene_2014/H1_METRICS.json#/4/metadata,22
2014,m_only,OK,16,complex_current_basis,RECORDED,8,,0.25296076595056477,0.9018839019202629,0.4262028314580221,,10.44119199999841,0.7303735999739729,2.8477114000124857,0.0,2.8477114000124857,14.019276999984868,7.902921699977014,21.922198699961882,0.09032199997454882,2.953529399994295,"[2.8125024999608286,2.7925659000175074,2.8339239999768324,2.771172400098294,2.7926722998381592]","[0.0,0.0,0.0,0.0,0.0]","[2.8125024999608286,2.7925659000175074,2.8339239999768324,2.771172400098294,2.7926722998381592]",2.800567419978324,2.7926722998381592,5,cold reference and receiver geometry reused; costs excluded,reference + receiver modes when used + arm encoder/export + direct construction when used; probe evaluation excluded,OK,"[""OK"",""OK"",""OK"",""OK"",""OK""]",6,0,16,0,12,8,0,0,16,0,0,0,24,0,0,0,20736,60,5,1,1,0,0,43794940,42467328,0,repeats[0].counts + direct independent cold_counts once; common preparation actions excluded,results/a23/h1/scene_2014/H1_METRICS.json#/5/metadata,23
2014,randomized_transfer,OK,32,real_data_range,RECORDED,,,0.11704476579180507,1.021701834608042,0.1798828497722728,,10.44119199999841,0.0,3.5881621000589803,0.0,3.5881621000589803,14.02935410005739,7.902921699977014,21.932275800034404,0.09326970000984147,3.688804099976551,"[3.3411866000387818,3.338873300002888,3.321789900015574,3.3321890999213792,3.325954800006002]","[0.0,0.0,0.0,0.0,0.0]","[3.3411866000387818,3.338873300002888,3.321789900015574,3.3321890999213792,3.325954800006002]",3.331998739996925,3.3321890999213792,5,cold reference and receiver geometry reused; costs excluded,reference + receiver modes when used + arm encoder/export + direct construction when used; probe evaluation excluded,OK,"[""OK"",""OK"",""OK"",""OK"",""OK""]",6,0,0,0,0,0,0,0,192,192,192,192,192,0,0,0,0,32,0,0,0,0,0,43746058,42467328,0,repeats[0].counts + direct independent cold_counts once; common preparation actions excluded,results/a23/h1/scene_2014/H1_METRICS.json#/6/metadata,24
2014,direct_adjoint,OK,,exact_real_material_data_transfer,NOT_RECORDED,,,0.0,0.0,0.0,,10.44119199999841,0.0,0.1780680000083521,4.907134199980646,5.0852021999889985,15.526394199987408,7.902921699977014,23.429315899964422,0.08917890000157058,0.27445679996162653,"[0.18609390000347048,0.18356540007516742,0.18622949998825788,0.18481669999891892,0.1841236999607645]","[5.1350702999625355,5.01500539999688,4.982194800046273,4.873129800020251,5.093035600031726]","[5.321164199966006,5.198570800072048,5.1684243000345305,5.05794650001917,5.277159299992491]",5.204653020016849,5.198570800072048,5,cold reference and receiver geometry reused; costs excluded,reference + receiver modes when used + arm encoder/export + direct construction when used; probe evaluation excluded,OK,"[""OK"",""OK"",""OK"",""OK"",""OK""]",6,0,0,0,0,0,0,0,0,128,0,128,0,768,128,0,0,0,0,0,0,0,42467328,42467594,0,0,repeats[0].counts + direct independent cold_counts once; common preparation actions excluded,results/a23/h1/scene_2014/H1_METRICS.json#/7/metadata,25
2009,original_opm,OK,32,complex_current_basis,RECORDED,8,,0.04938148359954425,0.24587283180495798,0.1938438772211977,5.472241851416832e-15,10.116795200039633,0.7486763999913819,3.8189617000170983,0.0,3.8189617000170983,14.684433300048113,7.877123600046616,22.56155690009473,0.09154759999364614,3.9266473000170663,"[3.8071182999992743,3.78823539998848,3.766566500067711,3.7520828000851907,3.708085900056176]","[0.0,0.0,0.0,0.0,0.0]","[3.8071182999992743,3.78823539998848,3.766566500067711,3.7520828000851907,3.708085900056176]",3.7644177800393663,3.766566500067711,5,cold reference and receiver geometry reused; costs excluded,reference + receiver modes when used + arm encoder/export + direct construction when used; probe evaluation excluded,OK,"[""OK"",""OK"",""OK"",""OK"",""OK""]",6,0,62,24,16,12,0,0,32,24,0,0,24,0,0,6,20736,144,9,1,1,0,0,45122044,42467328,0,repeats[0].counts + direct independent cold_counts once; common preparation actions excluded,results/a23/h1/scene_2009/H1_METRICS.json#/0/metadata,26
2009,cached_opm,OK,32,complex_current_basis,RECORDED,8,,0.049381483599544224,0.24587283180495784,0.19384387722119753,5.472241851416832e-15,10.116795200039633,0.7486763999913819,3.7282786000869237,0.0,3.7282786000869237,14.593750200117938,7.877123600046616,22.470873800164554,0.094935400004033,3.8407037000288256,"[3.62899399996968,3.6714390998822637,3.754945599939674,3.7973663000157103,3.777113999822177]","[0.0,0.0,0.0,0.0,0.0]","[3.62899399996968,3.6714390998822637,3.754945599939674,3.7973663000157103,3.777113999822177]",3.725971799925901,3.754945599939674,5,cold reference and receiver geometry reused; costs excluded,reference + receiver modes when used + arm encoder/export + direct construction when used; probe evaluation excluded,OK,"[""OK"",""OK"",""OK"",""OK"",""OK""]",6,0,32,0,16,12,0,0,32,24,0,0,24,0,0,6,20736,144,9,1,1,0,0,45122044,42467328,0,repeats[0].counts + direct independent cold_counts once; common preparation actions excluded,results/a23/h1/scene_2009/H1_METRICS.json#/1/metadata,27
2009,source_anchored_opm,OK,24,complex_current_basis,RECORDED,8,6,0.09875997323810352,0.4418126651069738,0.3038151915472421,,10.116795200039633,0.7486763999913819,3.5085578000871465,0.0,3.5085578000871465,14.374029400118161,7.877123600046616,22.251153000164777,0.07680089998757467,3.601922600006219,"[3.4043363998644054,3.322352499992121,3.4269532000180334,3.4491449001361616,3.3380547999986447]","[0.0,0.0,0.0,0.0,0.0]","[3.4043363998644054,3.322352499992121,3.4269532000180334,3.4491449001361616,3.3380547999986447]",3.388168360001873,3.4043363998644054,5,cold reference and receiver geometry reused; costs excluded,reference + receiver modes when used + arm encoder/export + direct construction when used; probe evaluation excluded,OK,"[""OK"",""OK"",""OK"",""OK"",""OK""]",6,0,24,0,12,12,0,0,24,24,0,0,24,0,0,6,20736,140,10,1,1,0,0,44458492,42467328,0,repeats[0].counts + direct independent cold_counts once; common preparation actions excluded,results/a23/h1/scene_2009/H1_METRICS.json#/2/metadata,28
2009,source_anchored_om,OK,24,complex_current_basis,RECORDED,8,6,0.09875997323810352,0.4418126651069738,0.3038151915472421,,10.116795200039633,0.7486763999913819,3.3284319000667892,0.0,3.3284319000667892,14.193903500097804,7.877123600046616,22.07102710014442,0.08962460001930594,3.4363895999849774,"[3.4193812999292277,3.443596999917645,3.368529600033071,3.415211699961219,3.3909273999743164]","[0.0,0.0,0.0,0.0,0.0]","[3.4193812999292277,3.443596999917645,3.368529600033071,3.415211699961219,3.3909273999743164]",3.407529399963096,3.415211699961219,5,cold reference and receiver geometry reused; costs excluded,reference + receiver modes when used + arm encoder/export + direct construction when used; probe evaluation excluded,OK,"[""OK"",""OK"",""OK"",""OK"",""OK""]",6,0,24,0,12,12,0,0,24,24,0,0,24,0,0,0,20736,134,9,1,1,0,0,44458492,42467328,0,repeats[0].counts + direct independent cold_counts once; common preparation actions excluded,results/a23/h1/scene_2009/H1_METRICS.json#/3/metadata,29
2009,mp,OK,24,complex_current_basis,RECORDED,8,,0.10748716932826473,0.44271892160110515,0.337443874587203,,10.116795200039633,0.7486763999913819,3.162822100101039,0.0,3.162822100101039,14.028293700132053,7.877123600046616,21.90541730017867,0.09032219997607172,3.272045199992135,"[3.218488700047601,3.1916247000335716,3.2655965999001637,3.1637885999516584,3.178578999999445]","[0.0,0.0,0.0,0.0,0.0]","[3.218488700047601,3.1916247000335716,3.2655965999001637,3.1637885999516584,3.178578999999445]",3.2036155199864877,3.1916247000335716,5,cold reference and receiver geometry reused; costs excluded,reference + receiver modes when used + arm encoder/export + direct construction when used; probe evaluation excluded,OK,"[""OK"",""OK"",""OK"",""OK"",""OK""]",6,0,24,0,16,8,0,0,24,0,0,0,24,0,0,6,20736,84,7,1,1,0,0,44458492,42467328,0,repeats[0].counts + direct independent cold_counts once; common preparation actions excluded,results/a23/h1/scene_2009/H1_METRICS.json#/4/metadata,30
2009,m_only,OK,16,complex_current_basis,RECORDED,8,,0.24806615521677003,0.9425215852297771,0.4057028925091618,,10.116795200039633,0.7486763999913819,2.825382999901194,0.0,2.825382999901194,13.690854599932209,7.877123600046616,21.567978199978825,0.09098660002928227,2.9315192000358365,"[2.8241602999623865,2.7467366999480873,2.885416099918075,2.7707855000626296,2.8296616000588983]","[0.0,0.0,0.0,0.0,0.0]","[2.8241602999623865,2.7467366999480873,2.885416099918075,2.7707855000626296,2.8296616000588983]",2.811352039990015,2.8241602999623865,5,cold reference and receiver geometry reused; costs excluded,reference + receiver modes when used + arm encoder/export + direct construction when used; probe evaluation excluded,OK,"[""OK"",""OK"",""OK"",""OK"",""OK""]",6,0,16,0,12,8,0,0,16,0,0,0,24,0,0,0,20736,60,5,1,1,0,0,43794940,42467328,0,repeats[0].counts + direct independent cold_counts once; common preparation actions excluded,results/a23/h1/scene_2009/H1_METRICS.json#/5/metadata,31
2009,randomized_transfer,OK,32,real_data_range,RECORDED,,,0.09775993384128609,0.8884220313770684,0.20015211515551493,,10.116795200039633,0.0,3.498076800024137,0.0,3.498076800024137,13.61487200006377,7.877123600046616,21.491995600110386,0.0916709000011906,3.5988870000001043,"[3.304702499997802,3.3196882999618538,3.338813799957279,3.3353460999787785,3.356647799955681]","[0.0,0.0,0.0,0.0,0.0]","[3.304702499997802,3.3196882999618538,3.338813799957279,3.3353460999787785,3.356647799955681]",3.3310396999702787,3.3353460999787785,5,cold reference and receiver geometry reused; costs excluded,reference + receiver modes when used + arm encoder/export + direct construction when used; probe evaluation excluded,OK,"[""OK"",""OK"",""OK"",""OK"",""OK""]",6,0,0,0,0,0,0,0,192,192,192,192,192,0,0,0,0,32,0,0,0,0,0,43746058,42467328,0,repeats[0].counts + direct independent cold_counts once; common preparation actions excluded,results/a23/h1/scene_2009/H1_METRICS.json#/6/metadata,32
2009,direct_adjoint,OK,,exact_real_material_data_transfer,NOT_RECORDED,,,0.0,0.0,0.0,,10.116795200039633,0.0,0.1659555999794975,4.740996100008488,4.906951699987985,15.023746900027618,7.877123600046616,22.900870500074234,0.09066190000157803,0.2636035999748856,"[0.185601300036069,0.18683610000880435,0.18460550002055243,0.18553170002996922,0.1825348999700509]","[5.015758999972604,5.028354100009892,4.9994933000416495,5.018089000019245,5.006342899985611]","[5.201360300008673,5.2151902000186965,5.184098800062202,5.203620700049214,5.188877799955662]",5.198629560018889,5.201360300008673,5,cold reference and receiver geometry reused; costs excluded,reference + receiver modes when used + arm encoder/export + direct construction when used; probe evaluation excluded,OK,"[""OK"",""OK"",""OK"",""OK"",""OK""]",6,0,0,0,0,0,0,0,0,128,0,128,0,768,128,0,0,0,0,0,0,0,42467328,42467594,0,0,repeats[0].counts + direct independent cold_counts once; common preparation actions excluded,results/a23/h1/scene_2009/H1_METRICS.json#/7/metadata,33
