scene,family,t,noise,method,status,full_chi_NRMSE,best_matched_linear,best_linear_NRMSE,best_linear_status,best_legal_linear,improvement_vs_strongest_raw_linear,primary,qualifies
2001,gaussian,0.15,zero,vanilla_IBS2,OK,0.11445883090544443,linear_a_exact_conversion,0.1141992865831542,OK,linear_a_exact_conversion,-0.0022727315560000516,False,False
2001,gaussian,0.15,zero,A23_compressed_feedback,OK,0.11461118593077967,linear_a_exact_conversion,0.1141992865831542,OK,linear_a_exact_conversion,-0.0036068469423014005,False,False
2001,gaussian,0.15,20dB_nominal_difference,vanilla_IBS2,REJECTED_PHYSICAL,0.22581705813834047,generic_randomized_linear,0.1385997918315542,OK,generic_randomized_linear,-0.6292741508066972,False,False
2001,gaussian,0.15,20dB_nominal_difference,A23_compressed_feedback,REJECTED_PHYSICAL,0.22675503123327484,generic_randomized_linear,0.1385997918315542,OK,generic_randomized_linear,-0.6360416436184781,False,False
2001,gaussian,0.5,zero,vanilla_IBS2,REJECTED_PHYSICAL,0.2928987092080061,linear_a_exact_conversion,0.2911008125105956,REJECTED_PHYSICAL,born_BP,-0.006176199516258807,False,False
2001,gaussian,0.5,zero,A23_compressed_feedback,REJECTED_PHYSICAL,0.29473605303248046,linear_a_exact_conversion,0.2911008125105956,REJECTED_PHYSICAL,born_BP,-0.0124879092247554,False,False
2001,gaussian,0.5,20dB_nominal_difference,vanilla_IBS2,REJECTED_PHYSICAL,0.31443347129735033,linear_a_exact_conversion,0.31446133387262326,REJECTED_PHYSICAL,born_BP,8.860413752553864e-05,False,False
2001,gaussian,0.5,20dB_nominal_difference,A23_compressed_feedback,REJECTED_PHYSICAL,0.31616629390388473,linear_a_exact_conversion,0.31446133387262326,REJECTED_PHYSICAL,born_BP,-0.005421843157200623,False,False
2001,gaussian,1.0,zero,vanilla_IBS2,REJECTED_PHYSICAL,0.4168433222921991,linear_a_exact_conversion,0.4136008233149782,REJECTED_PHYSICAL,born_BP,-0.007839682114828772,True,False
2001,gaussian,1.0,zero,A23_compressed_feedback,REJECTED_PHYSICAL,0.42398225369036313,linear_a_exact_conversion,0.4136008233149782,REJECTED_PHYSICAL,born_BP,-0.025100120188781494,True,False
2001,gaussian,1.0,20dB_nominal_difference,vanilla_IBS2,REJECTED_PHYSICAL,0.4197328533456282,linear_a_exact_conversion,0.41816387532007365,REJECTED_PHYSICAL,born_BP,-0.0037520649634157355,True,False
2001,gaussian,1.0,20dB_nominal_difference,A23_compressed_feedback,REJECTED_PHYSICAL,0.4275224242159921,linear_a_exact_conversion,0.41816387532007365,REJECTED_PHYSICAL,born_BP,-0.02238009892355053,True,False
2003,gaussian,0.15,zero,vanilla_IBS2,REJECTED_PHYSICAL,0.21275633574748676,linear_a_exact_conversion,0.2128133404995382,REJECTED_PHYSICAL,born_BP,0.0002678626815294516,False,False
2003,gaussian,0.15,zero,A23_compressed_feedback,REJECTED_PHYSICAL,0.21666447326105664,linear_a_exact_conversion,0.2128133404995382,REJECTED_PHYSICAL,born_BP,-0.018096293928184348,False,False
2003,gaussian,0.15,20dB_nominal_difference,vanilla_IBS2,REJECTED_PHYSICAL,0.5710180567692447,born_BP,0.34955911696428155,OK,born_BP,-0.6335378740174358,False,False
2003,gaussian,0.15,20dB_nominal_difference,A23_compressed_feedback,REJECTED_PHYSICAL,0.5877454007655357,born_BP,0.34955911696428155,OK,born_BP,-0.6813905638329907,False,False
2003,gaussian,0.5,zero,vanilla_IBS2,REJECTED_PHYSICAL,0.3447300775394656,linear_a_exact_conversion,0.3825981831058874,REJECTED_PHYSICAL,,0.09897617719721752,False,False
2003,gaussian,0.5,zero,A23_compressed_feedback,REJECTED_PHYSICAL,0.38075633184303426,linear_a_exact_conversion,0.3825981831058874,REJECTED_PHYSICAL,,0.004814061708033224,False,False
2003,gaussian,0.5,20dB_nominal_difference,vanilla_IBS2,REJECTED_PHYSICAL,0.39933300833032265,linear_a_exact_conversion,0.4392745200062632,REJECTED_PHYSICAL,,0.09092608347821107,False,False
2003,gaussian,0.5,20dB_nominal_difference,A23_compressed_feedback,REJECTED_PHYSICAL,0.4388373596980258,linear_a_exact_conversion,0.4392745200062632,REJECTED_PHYSICAL,,0.0009951870375527472,False,False
2003,gaussian,1.0,zero,vanilla_IBS2,REJECTED_PHYSICAL,0.40165156675417085,dressed_linear_chi,0.5469232110950544,REJECTED_PHYSICAL,,0.26561616218485107,True,False
2003,gaussian,1.0,zero,A23_compressed_feedback,REJECTED_PHYSICAL,0.504133181440337,dressed_linear_chi,0.5469232110950544,REJECTED_PHYSICAL,,0.07823772841719911,True,False
2003,gaussian,1.0,20dB_nominal_difference,vanilla_IBS2,REJECTED_PHYSICAL,0.4257452955967536,generic_randomized_linear,0.5553649999841929,REJECTED_PHYSICAL,,0.23339552256827234,True,False
2003,gaussian,1.0,20dB_nominal_difference,A23_compressed_feedback,REJECTED_PHYSICAL,0.5230619234145231,generic_randomized_linear,0.5553649999841929,REJECTED_PHYSICAL,,0.058165488589646874,True,False
2014,asymmetric,0.15,zero,vanilla_IBS2,OK,0.2569211924715701,linear_a_exact_conversion,0.2568865321699125,OK,linear_a_exact_conversion,-0.00013492455741004328,False,False
2014,asymmetric,0.15,zero,A23_compressed_feedback,OK,0.25693854561772833,linear_a_exact_conversion,0.2568865321699125,OK,linear_a_exact_conversion,-0.00020247635162684574,False,False
2014,asymmetric,0.15,20dB_nominal_difference,vanilla_IBS2,OK,0.26223402560348813,generic_randomized_linear,0.2603523816347546,OK,generic_randomized_linear,-0.007227296930869986,False,False
2014,asymmetric,0.15,20dB_nominal_difference,A23_compressed_feedback,OK,0.2622908850719752,generic_randomized_linear,0.2603523816347546,OK,generic_randomized_linear,-0.007445691201473537,False,False
2014,asymmetric,0.5,zero,vanilla_IBS2,OK,0.6260855901590806,linear_a_exact_conversion,0.625851599798775,OK,linear_a_exact_conversion,-0.00037387514928588494,False,False
2014,asymmetric,0.5,zero,A23_compressed_feedback,OK,0.6262113112515919,linear_a_exact_conversion,0.625851599798775,OK,linear_a_exact_conversion,-0.0005747551862653744,False,False
2014,asymmetric,0.5,20dB_nominal_difference,vanilla_IBS2,REJECTED_PHYSICAL,0.6271980073781797,linear_a_exact_conversion,0.6269854041365518,REJECTED_PHYSICAL,homogeneous_born,-0.000339088023780576,False,False
2014,asymmetric,0.5,20dB_nominal_difference,A23_compressed_feedback,REJECTED_PHYSICAL,0.627298234652592,linear_a_exact_conversion,0.6269854041365518,REJECTED_PHYSICAL,homogeneous_born,-0.0004989438573470562,False,False
2014,asymmetric,1.0,zero,vanilla_IBS2,OK,0.8117853074260282,linear_a_exact_conversion,0.8113179604595834,OK,linear_a_exact_conversion,-0.0005760342913894156,True,False
2014,asymmetric,1.0,zero,A23_compressed_feedback,OK,0.8120629620925219,linear_a_exact_conversion,0.8113179604595834,OK,linear_a_exact_conversion,-0.0009182609892137705,True,False
2014,asymmetric,1.0,20dB_nominal_difference,vanilla_IBS2,REJECTED_PHYSICAL,0.8120951809425594,linear_a_exact_conversion,0.8116573325537729,OK,linear_a_exact_conversion,-0.0005394498037845086,True,False
2014,asymmetric,1.0,20dB_nominal_difference,A23_compressed_feedback,OK,0.8123703709912041,linear_a_exact_conversion,0.8116573325537729,OK,linear_a_exact_conversion,-0.0008784968838853047,True,False
2009,shell,0.15,zero,vanilla_IBS2,OK,0.3172087170201169,linear_a_exact_conversion,0.31625260275616407,OK,linear_a_exact_conversion,-0.0030232613285083865,False,False
2009,shell,0.15,zero,A23_compressed_feedback,OK,0.3176260878433195,linear_a_exact_conversion,0.31625260275616407,OK,linear_a_exact_conversion,-0.004343000105565764,False,False
2009,shell,0.15,20dB_nominal_difference,vanilla_IBS2,REJECTED_PHYSICAL,0.3620624213524585,generic_randomized_linear,0.34675860232192285,OK,generic_randomized_linear,-0.04413392754515688,False,False
2009,shell,0.15,20dB_nominal_difference,A23_compressed_feedback,REJECTED_PHYSICAL,0.36325551676005563,generic_randomized_linear,0.34675860232192285,OK,generic_randomized_linear,-0.04757463644064819,False,False
2009,shell,0.5,zero,vanilla_IBS2,REJECTED_PHYSICAL,0.6159225271186114,linear_a_exact_conversion,0.6106807881107702,REJECTED_PHYSICAL,born_BP,-0.008583435257652816,False,False
2009,shell,0.5,zero,A23_compressed_feedback,REJECTED_PHYSICAL,0.6187325690929215,linear_a_exact_conversion,0.6106807881107702,REJECTED_PHYSICAL,born_BP,-0.013184925969360606,False,False
2009,shell,0.5,20dB_nominal_difference,vanilla_IBS2,REJECTED_PHYSICAL,0.6297090091270089,linear_a_exact_conversion,0.6255737801726213,REJECTED_PHYSICAL,born_BP,-0.006610297754561456,False,False
2009,shell,0.5,20dB_nominal_difference,A23_compressed_feedback,REJECTED_PHYSICAL,0.6333477921341123,linear_a_exact_conversion,0.6255737801726213,REJECTED_PHYSICAL,born_BP,-0.012427010542778394,False,False
2009,shell,1.0,zero,vanilla_IBS2,REJECTED_PHYSICAL,0.7214076889425368,linear_a_exact_conversion,0.7119832835286417,REJECTED_PHYSICAL,,-0.013236835234651911,True,False
2009,shell,1.0,zero,A23_compressed_feedback,REJECTED_PHYSICAL,0.7279282273461475,linear_a_exact_conversion,0.7119832835286417,REJECTED_PHYSICAL,,-0.022395109809996372,True,False
2009,shell,1.0,20dB_nominal_difference,vanilla_IBS2,REJECTED_PHYSICAL,0.7210171935579918,linear_a_exact_conversion,0.7115689320793753,REJECTED_PHYSICAL,,-0.013278069140829851,True,False
2009,shell,1.0,20dB_nominal_difference,A23_compressed_feedback,REJECTED_PHYSICAL,0.7273785258161852,linear_a_exact_conversion,0.7115689320793753,REJECTED_PHYSICAL,,-0.02221793704597319,True,False
