method,t,noise,count,physically_legal,median_full_chi_NRMSE,median_delta_chi_NRMSE,median_surrogate_residual,count_semantics
homogeneous_born,0.15,zero,4,3,0.2528842320450558,0.7271736082563198,0.13694301651281,"all attempted methods, rejected raw errors included; not an eligible-only average"
homogeneous_born,0.15,20dB_nominal_difference,4,1,0.31163495287242726,1.0844810738353534,0.5132301323851999,"all attempted methods, rejected raw errors included; not an eligible-only average"
homogeneous_born,0.5,zero,4,1,0.542143518418479,0.7341882155117025,0.1392174402813638,"all attempted methods, rejected raw errors included; not an eligible-only average"
homogeneous_born,0.5,20dB_nominal_difference,4,1,0.5686895198506217,0.7617478648431424,0.2253774294058718,"all attempted methods, rejected raw errors included; not an eligible-only average"
homogeneous_born,1.0,zero,4,1,0.6820832507180341,0.7621660496287885,0.14360313761429078,"all attempted methods, rejected raw errors included; not an eligible-only average"
homogeneous_born,1.0,20dB_nominal_difference,4,1,0.6916377137779978,0.7728764459484048,0.17348978072835208,"all attempted methods, rejected raw errors included; not an eligible-only average"
born_BP,0.15,zero,4,4,0.30673922642271834,0.8723156149557287,0.2844929159466158,"all attempted methods, rejected raw errors included; not an eligible-only average"
born_BP,0.15,20dB_nominal_difference,4,4,0.30685486169567955,0.8718314486602108,0.5563064445572903,"all attempted methods, rejected raw errors included; not an eligible-only average"
born_BP,0.5,zero,4,3,0.6123459342773179,0.8745778766941897,0.28387880192118653,"all attempted methods, rejected raw errors included; not an eligible-only average"
born_BP,0.5,20dB_nominal_difference,4,3,0.6127995773565308,0.8748002567540243,0.33227640233175004,"all attempted methods, rejected raw errors included; not an eligible-only average"
born_BP,1.0,zero,4,2,0.7556518044490534,0.8778980944752862,0.28406312588187177,"all attempted methods, rejected raw errors included; not an eligible-only average"
born_BP,1.0,20dB_nominal_difference,4,2,0.7553983954283958,0.8780987469879529,0.30005510595918405,"all attempted methods, rejected raw errors included; not an eligible-only average"
dressed_linear_chi,0.15,zero,4,3,0.23725739467909188,0.7070289600335382,0.01366393207414185,"all attempted methods, rejected raw errors included; not an eligible-only average"
dressed_linear_chi,0.15,20dB_nominal_difference,4,1,0.3128144220635867,1.0927189811976394,0.49811942609372833,"all attempted methods, rejected raw errors included; not an eligible-only average"
dressed_linear_chi,0.5,zero,4,1,0.5066203689376669,0.7109313270550036,0.02706347105800582,"all attempted methods, rejected raw errors included; not an eligible-only average"
dressed_linear_chi,0.5,20dB_nominal_difference,4,0,0.5355019875622679,0.7443115080930531,0.17741220910680144,"all attempted methods, rejected raw errors included; not an eligible-only average"
dressed_linear_chi,1.0,zero,4,1,0.6386605388190914,0.7186026817556698,0.04411570330607209,"all attempted methods, rejected raw errors included; not an eligible-only average"
dressed_linear_chi,1.0,20dB_nominal_difference,4,0,0.6487328588973148,0.7248434285358277,0.10740456046336162,"all attempted methods, rejected raw errors included; not an eligible-only average"
linear_a_exact_conversion,0.15,zero,4,3,0.23484993633472534,0.7042909083248416,0.019953723646410397,"all attempted methods, rejected raw errors included; not an eligible-only average"
linear_a_exact_conversion,0.15,20dB_nominal_difference,4,1,0.31217306339658657,1.100981442047289,0.4987993574450441,"all attempted methods, rejected raw errors included; not an eligible-only average"
linear_a_exact_conversion,0.5,zero,4,1,0.4966394856083288,0.7020681178424495,0.046110545352708546,"all attempted methods, rejected raw errors included; not an eligible-only average"
linear_a_exact_conversion,0.5,20dB_nominal_difference,4,0,0.5324241500894422,0.7363213358722622,0.1873399586276788,"all attempted methods, rejected raw errors included; not an eligible-only average"
linear_a_exact_conversion,1.0,zero,4,1,0.6590018245742941,0.7364209191909201,0.08474593929275477,"all attempted methods, rejected raw errors included; not an eligible-only average"
linear_a_exact_conversion,1.0,20dB_nominal_difference,4,1,0.6742727578007813,0.7535449949749686,0.1314286055521945,"all attempted methods, rejected raw errors included; not an eligible-only average"
vanilla_IBS2,0.15,zero,4,3,0.23483876410952842,0.7061886948788758,0.019779862321206508,"all attempted methods, rejected raw errors included; not an eligible-only average"
vanilla_IBS2,0.15,20dB_nominal_difference,4,1,0.31214822347797333,1.0755055382336642,0.4990512796608221,"all attempted methods, rejected raw errors included; not an eligible-only average"
vanilla_IBS2,0.5,zero,4,1,0.4803263023290385,0.7073560253083583,0.04442403614715282,"all attempted methods, rejected raw errors included; not an eligible-only average"
vanilla_IBS2,0.5,20dB_nominal_difference,4,0,0.5132655078542512,0.7389693618953468,0.18691270314639516,"all attempted methods, rejected raw errors included; not an eligible-only average"
vanilla_IBS2,1.0,zero,4,1,0.569125505617368,0.7098444018571108,0.08103391030120227,"all attempted methods, rejected raw errors included; not an eligible-only average"
vanilla_IBS2,1.0,20dB_nominal_difference,4,0,0.5733812445773727,0.7117613595714842,0.12726221482717034,"all attempted methods, rejected raw errors included; not an eligible-only average"
A23_compressed_feedback,0.15,zero,4,3,0.2368015094393925,0.7071226087531653,0.019369387948687117,"all attempted methods, rejected raw errors included; not an eligible-only average"
A23_compressed_feedback,0.15,20dB_nominal_difference,4,1,0.3127732009160154,1.0928460734292043,0.4987986671370028,"all attempted methods, rejected raw errors included; not an eligible-only average"
A23_compressed_feedback,0.5,zero,4,1,0.4997444504679779,0.7111110735686512,0.0410432980522364,"all attempted methods, rejected raw errors included; not an eligible-only average"
A23_compressed_feedback,0.5,20dB_nominal_difference,4,0,0.5330677971753089,0.7431508690201198,0.1859501637835644,"all attempted methods, rejected raw errors included; not an eligible-only average"
A23_compressed_feedback,1.0,zero,4,1,0.6160307043932423,0.7187507794219105,0.07323626788717325,"all attempted methods, rejected raw errors included; not an eligible-only average"
A23_compressed_feedback,1.0,20dB_nominal_difference,4,1,0.6252202246153542,0.7210596698416063,0.12256547332972985,"all attempted methods, rejected raw errors included; not an eligible-only average"
generic_randomized_linear,0.15,zero,4,2,0.26075318277864956,0.7641793255479689,0.04157313986607615,"all attempted methods, rejected raw errors included; not an eligible-only average"
generic_randomized_linear,0.15,20dB_nominal_difference,4,3,0.30355549197833875,0.8083743472018277,0.5049086083104855,"all attempted methods, rejected raw errors included; not an eligible-only average"
generic_randomized_linear,0.5,zero,4,1,0.5383455112988945,0.7661964856570623,0.047987847682340073,"all attempted methods, rejected raw errors included; not an eligible-only average"
generic_randomized_linear,0.5,20dB_nominal_difference,4,1,0.5443229567596057,0.7710368442076163,0.18551533363894024,"all attempted methods, rejected raw errors included; not an eligible-only average"
generic_randomized_linear,1.0,zero,4,1,0.660265470167572,0.7706433379685362,0.06212174837569364,"all attempted methods, rejected raw errors included; not an eligible-only average"
generic_randomized_linear,1.0,20dB_nominal_difference,4,1,0.6627447878372873,0.7727733995865149,0.11613074790198463,"all attempted methods, rejected raw errors included; not an eligible-only average"
current_BP_ratio,0.15,zero,4,4,0.31177644439880176,0.8822805783069454,0.34753992076089907,"all attempted methods, rejected raw errors included; not an eligible-only average"
current_BP_ratio,0.15,20dB_nominal_difference,4,4,0.3120612931731019,0.881590609396912,0.5813025695328943,"all attempted methods, rejected raw errors included; not an eligible-only average"
current_BP_ratio,0.5,zero,4,3,0.6163598170937636,0.8843134573964793,0.34596961196782394,"all attempted methods, rejected raw errors included; not an eligible-only average"
current_BP_ratio,0.5,20dB_nominal_difference,4,3,0.6164388498246809,0.8842663966304638,0.38455916884379315,"all attempted methods, rejected raw errors included; not an eligible-only average"
current_BP_ratio,1.0,zero,4,2,0.7495495459169723,0.8868029988484374,0.3529832637708076,"all attempted methods, rejected raw errors included; not an eligible-only average"
current_BP_ratio,1.0,20dB_nominal_difference,4,2,0.7493392130993426,0.8868956414382838,0.3655634800850781,"all attempted methods, rejected raw errors included; not an eligible-only average"
