scene,t,noise,image_reference,diagnostic_status,dressed_status,vanilla_status,A23_status,quantity_domain,relative_deviation_definition,not_a_data_space_Q_capture_measure,dressed_delta_mass_norm,full_quadratic_correction_mass_norm,compressed_quadratic_correction_mass_norm,correction_difference_mass_norm,correction_relative_deviation,correction_cosine,compressed_to_full_correction_norm_ratio,full_correction_relative_to_dressed_delta,compressed_correction_relative_to_dressed_delta
2001,1.0,20dB_calibration,results/a23/images/scene_2001_calibration.npz,COMPUTED,REJECTED_PHYSICAL,REJECTED_PHYSICAL,REJECTED_PHYSICAL,cached material-mass correction after the common decoder,norm(c_comp-c_full)/norm(c_full),True,0.22812975679492664,0.02180762716922346,0.019955460963974242,0.023497280354108956,1.077479918918921,0.36958260380803654,0.9150679626500983,0.09559308472338861,0.08747416928126944
2001,0.15,20dB_nominal_difference,results/a23/images/scene_2001_t0.15_20dB_nominal_difference.npz,COMPUTED,REJECTED_PHYSICAL,REJECTED_PHYSICAL,REJECTED_PHYSICAL,cached material-mass correction after the common decoder,norm(c_comp-c_full)/norm(c_full),True,0.04978730486309094,0.0007539722529660537,0.0005036901635539733,0.0007069728318788478,0.9376642563405818,0.42442623951539654,0.6680486736381943,0.015143865590623674,0.010116839321571237
2001,0.15,zero,results/a23/images/scene_2001_t0.15_zero.npz,COMPUTED,OK,OK,OK,cached material-mass correction after the common decoder,norm(c_comp-c_full)/norm(c_full),True,0.029914387256985264,0.00041278856400956445,0.0004172715648375065,0.00047826645074297103,1.1586233060756244,0.3360655070029113,1.0108602834933145,0.013798997802075148,0.013948858830129307
2001,0.5,20dB_nominal_difference,results/a23/images/scene_2001_t0.5_20dB_nominal_difference.npz,COMPUTED,REJECTED_PHYSICAL,REJECTED_PHYSICAL,REJECTED_PHYSICAL,cached material-mass correction after the common decoder,norm(c_comp-c_full)/norm(c_full),True,0.10468007379665367,0.0047927843779629435,0.004550955010501655,0.005178259859669844,1.080428296227826,0.38666318518891746,0.9495430321102674,0.04578506877319526,0.043474893028276944
2001,0.5,zero,results/a23/images/scene_2001_t0.5_zero.npz,COMPUTED,REJECTED_PHYSICAL,REJECTED_PHYSICAL,REJECTED_PHYSICAL,cached material-mass correction after the common decoder,norm(c_comp-c_full)/norm(c_full),True,0.0982690428194765,0.004484804785625146,0.004497087282217658,0.005144992326082243,1.1472054129475497,0.34376085700787984,1.0027386914658762,0.045638022483478154,0.045763010946173126
2001,1.0,20dB_nominal_difference,results/a23/images/scene_2001_t1.0_20dB_nominal_difference.npz,COMPUTED,REJECTED_PHYSICAL,REJECTED_PHYSICAL,REJECTED_PHYSICAL,cached material-mass correction after the common decoder,norm(c_comp-c_full)/norm(c_full),True,0.19671162139355133,0.01784172838045653,0.017358810760609265,0.01980799740264276,1.110206196409763,0.3669528763521319,0.9729332489796089,0.0906999202897192,0.08824496812966805
2001,1.0,zero,results/a23/images/scene_2001_t1.0_zero.npz,COMPUTED,REJECTED_PHYSICAL,REJECTED_PHYSICAL,REJECTED_PHYSICAL,cached material-mass correction after the common decoder,norm(c_comp-c_full)/norm(c_full),True,0.1931711759337687,0.017473743912429517,0.017330663680676036,0.019764832956439306,1.1311160936941556,0.35504059525779114,0.9918117014607439,0.09045730465719493,0.08971661324160538
2003,1.0,20dB_calibration,results/a23/images/scene_2003_calibration.npz,COMPUTED,REJECTED_PHYSICAL,REJECTED_PHYSICAL,REJECTED_PHYSICAL,cached material-mass correction after the common decoder,norm(c_comp-c_full)/norm(c_full),True,0.8546213852429914,0.4041528780830305,0.31706061144187786,0.3346812429404176,0.8281055538386135,0.5925328147418879,0.7845066276547457,0.4729028375157254,0.3709954102678219
2003,0.15,20dB_nominal_difference,results/a23/images/scene_2003_t0.15_20dB_nominal_difference.npz,COMPUTED,REJECTED_PHYSICAL,REJECTED_PHYSICAL,REJECTED_PHYSICAL,cached material-mass correction after the common decoder,norm(c_comp-c_full)/norm(c_full),True,0.21350136997210714,0.014942441342222435,0.011153773012380115,0.013146331182426267,0.8797980785963704,0.5245780543304147,0.7464491749994837,0.069987566563037,0.05224216132120041
2003,0.15,zero,results/a23/images/scene_2003_t0.15_zero.npz,COMPUTED,REJECTED_PHYSICAL,REJECTED_PHYSICAL,REJECTED_PHYSICAL,cached material-mass correction after the common decoder,norm(c_comp-c_full)/norm(c_full),True,0.12525175841072922,0.008324767085327252,0.007937697996452966,0.0075354084257570975,0.9051794901311494,0.5714815578752085,0.9535039136942928,0.06646427316436096,0.06337394458306474
2003,0.5,20dB_nominal_difference,results/a23/images/scene_2003_t0.5_20dB_nominal_difference.npz,COMPUTED,REJECTED_PHYSICAL,REJECTED_PHYSICAL,REJECTED_PHYSICAL,cached material-mass correction after the common decoder,norm(c_comp-c_full)/norm(c_full),True,0.42334577262445183,0.08968585402911475,0.08192597467791583,0.0770553758757677,0.8591697844651531,0.6000520973521756,0.9134771092364262,0.2118501230640011,0.19352023800788487
2003,0.5,zero,results/a23/images/scene_2003_t0.5_zero.npz,COMPUTED,REJECTED_PHYSICAL,REJECTED_PHYSICAL,REJECTED_PHYSICAL,cached material-mass correction after the common decoder,norm(c_comp-c_full)/norm(c_full),True,0.40425167321862565,0.09022399106040181,0.08029742139631002,0.07686259906169493,0.8519086570914172,0.5990669603583226,0.8899786016177638,0.2231876749996957,0.1986322548945491
2003,1.0,20dB_nominal_difference,results/a23/images/scene_2003_t1.0_20dB_nominal_difference.npz,COMPUTED,REJECTED_PHYSICAL,REJECTED_PHYSICAL,REJECTED_PHYSICAL,cached material-mass correction after the common decoder,norm(c_comp-c_full)/norm(c_full),True,0.8143532032330139,0.36673856658831855,0.2984429096953138,0.29817283907143666,0.813039222586453,0.6151560475444778,0.8137756344298802,0.45034337082773446,0.3664784623066304
2003,1.0,zero,results/a23/images/scene_2003_t1.0_zero.npz,COMPUTED,REJECTED_PHYSICAL,REJECTED_PHYSICAL,REJECTED_PHYSICAL,cached material-mass correction after the common decoder,norm(c_comp-c_full)/norm(c_full),True,0.7900685992076933,0.3567839238242033,0.2951703188959107,0.2959233358122142,0.8294189173109249,0.6022563201764549,0.8273083487958633,0.45158600681257033,0.37360087363542505
2009,1.0,20dB_calibration,results/a23/images/scene_2009_calibration.npz,COMPUTED,REJECTED_PHYSICAL,REJECTED_PHYSICAL,REJECTED_PHYSICAL,cached material-mass correction after the common decoder,norm(c_comp-c_full)/norm(c_full),True,0.287340256157923,0.031133199792193724,0.03053456655130114,0.02825433378083459,0.9075306736675048,0.580309025694371,0.9807718691015279,0.1083495929476823,0.1062662327916881
2009,0.15,20dB_nominal_difference,results/a23/images/scene_2009_t0.15_20dB_nominal_difference.npz,COMPUTED,REJECTED_PHYSICAL,REJECTED_PHYSICAL,REJECTED_PHYSICAL,cached material-mass correction after the common decoder,norm(c_comp-c_full)/norm(c_full),True,0.06420459985393728,0.0014013520609536545,0.00112041898582398,0.0011686289078344943,0.8339295601700644,0.5902270749779547,0.7995271260110806,0.021826349889909297,0.017450758798791443
2009,0.15,zero,results/a23/images/scene_2009_t0.15_zero.npz,COMPUTED,OK,OK,OK,cached material-mass correction after the common decoder,norm(c_comp-c_full)/norm(c_full),True,0.05114953917232775,0.0009792587193004107,0.0010271886250657013,0.0009114509419642715,0.9307560137074077,0.5882000193266137,1.0489450896077106,0.01914501548100352,0.020082069979262245
2009,0.5,20dB_nominal_difference,results/a23/images/scene_2009_t0.5_20dB_nominal_difference.npz,COMPUTED,REJECTED_PHYSICAL,REJECTED_PHYSICAL,REJECTED_PHYSICAL,cached material-mass correction after the common decoder,norm(c_comp-c_full)/norm(c_full),True,0.16042181857156879,0.009369993879527793,0.00969584815077004,0.009052736850247631,0.9661411700627334,0.5495551491827405,1.0347763590277468,0.05840847562357965,0.06043970974212865
2009,0.5,zero,results/a23/images/scene_2009_t0.5_zero.npz,COMPUTED,REJECTED_PHYSICAL,REJECTED_PHYSICAL,REJECTED_PHYSICAL,cached material-mass correction after the common decoder,norm(c_comp-c_full)/norm(c_full),True,0.1556654004470125,0.009258285220971014,0.009713859533170641,0.008644891612011412,0.9337465206223935,0.5856580024076936,1.0492072021250438,0.05947554944377299,0.06240217482675077
2009,1.0,20dB_nominal_difference,results/a23/images/scene_2009_t1.0_20dB_nominal_difference.npz,COMPUTED,REJECTED_PHYSICAL,REJECTED_PHYSICAL,REJECTED_PHYSICAL,cached material-mass correction after the common decoder,norm(c_comp-c_full)/norm(c_full),True,0.28439190368279865,0.03044670837064655,0.032116861772753864,0.028854464077347434,0.947703893835887,0.5757077398827605,1.054854974198705,0.10705898436759229,0.11293170219281612
2009,1.0,zero,results/a23/images/scene_2009_t1.0_zero.npz,COMPUTED,REJECTED_PHYSICAL,REJECTED_PHYSICAL,REJECTED_PHYSICAL,cached material-mass correction after the common decoder,norm(c_comp-c_full)/norm(c_full),True,0.2792922552171668,0.030579637954309975,0.0319782571901185,0.02864749879618533,0.9368161532516665,0.5813800781648728,1.0457369455419403,0.10948974553745659,0.11449747206650415
2014,1.0,20dB_calibration,results/a23/images/scene_2014_calibration.npz,COMPUTED,REJECTED_PHYSICAL,REJECTED_PHYSICAL,REJECTED_PHYSICAL,cached material-mass correction after the common decoder,norm(c_comp-c_full)/norm(c_full),True,0.09346354942417008,0.0038497870199393786,0.003842240366986224,0.0026681133802645843,0.6930548018489081,0.7593677360193297,0.9980397219601844,0.0411902505699597,0.04110950622631291
2014,0.15,20dB_nominal_difference,results/a23/images/scene_2014_t0.15_20dB_nominal_difference.npz,COMPUTED,OK,OK,OK,cached material-mass correction after the common decoder,norm(c_comp-c_full)/norm(c_full),True,0.018931222391734445,0.00013693553914479554,0.00012790954333233154,0.00012062717706197554,0.8809048243818169,0.5869498153707202,0.9340858051252866,0.007233317337425761,0.006756539048856036
2014,0.15,zero,results/a23/images/scene_2014_t0.15_zero.npz,COMPUTED,OK,OK,OK,cached material-mass correction after the common decoder,norm(c_comp-c_full)/norm(c_full),True,0.014616040613648233,9.040648030728177e-05,0.00010024166183404702,9.081322482731125e-05,1.0044990637689577,0.5503274614495993,1.1087884573466031,0.006185428919981352,0.00685833219021319
2014,0.5,20dB_nominal_difference,results/a23/images/scene_2014_t0.5_20dB_nominal_difference.npz,COMPUTED,REJECTED_PHYSICAL,REJECTED_PHYSICAL,REJECTED_PHYSICAL,cached material-mass correction after the common decoder,norm(c_comp-c_full)/norm(c_full),True,0.0451051118679608,0.0007929388703064418,0.0008615164209506963,0.0007560052929345444,0.95342191087489,0.585114662897712,1.086485293144668,0.017579800547389498,0.019100194751155274
2014,0.5,zero,results/a23/images/scene_2014_t0.5_zero.npz,COMPUTED,OK,OK,OK,cached material-mass correction after the common decoder,norm(c_comp-c_full)/norm(c_full),True,0.04274778015097097,0.0007790449815635121,0.0008656086372240682,0.0007812168018655497,1.0027877983344156,0.5530450397377724,1.1111150931064677,0.01822422073876547,0.020249206722946216
2014,1.0,20dB_nominal_difference,results/a23/images/scene_2014_t1.0_20dB_nominal_difference.npz,COMPUTED,REJECTED_PHYSICAL,REJECTED_PHYSICAL,OK,cached material-mass correction after the common decoder,norm(c_comp-c_full)/norm(c_full),True,0.07473826892732072,0.0024267506498320346,0.0026760051935425786,0.002345290070626617,0.9664322417257595,0.5812858089480244,1.1027112298199224,0.032469987392829906,0.03580501973018484
2014,1.0,zero,results/a23/images/scene_2014_t1.0_zero.npz,COMPUTED,OK,OK,OK,cached material-mass correction after the common decoder,norm(c_comp-c_full)/norm(c_full),True,0.07368038968153608,0.002336277890119,0.002593187321702892,0.002330935833515116,0.9977134327100052,0.5570403153369753,1.1099652711137056,0.03170827271974186,0.03519508152591559
