scene,method,arm_status,channel,channel_status,input_columns,requested_rank,raw_rank_own_scale,raw_effective_rank,capped_rank,raw_to_capped_deflated_columns,rank_cap_deflated,raw_frobenius_norm,raw_column_norms_json,raw_joint_rank,raw_rank_sum,raw_joint_deflated_columns,capped_rank_sum,retained_rank,hierarchy_complement_joint_rank,hierarchy_full_current_rank,hierarchy_joint_deflated_columns,joint_degree_deflation_json,P_relative_to_forcing,structural_zero_recorded,structural_zero_verified_from_own_saved_receipt,source_anchor_P_evidence_verified,source_anchor_P_evidence_reference,source_anchor_P_evidence_relative_to_forcing,source_anchor_P_evidence_scope,principal_angles_radians_json,pairwise_overlap_frobenius_squared_json,pairwise_incremental_residual_json,metadata_reference,principal_angles_reference,joint_deflation_reference,channel_provenance
2001,original_opm,OK,O,CONSTRUCTED,24,4,24,24,4,20,20,15.469464655539053,"[3.5298403224986354,3.1962773198684338,2.9526488665013986,2.9965652879675635,3.3887801202339523,2.545338338864793,3.7693150853259336,2.75896297703707,3.043069776537676,2.967392072059996,3.8204272189930473,3.008135648478838,4.228684626933091,2.9684843853797025,2.636281369942485,2.3534677390444703,2.9355865044775142,3.0410526526758894,3.1002023697250025,3.3811110102977797,3.6764058458598985,3.1585042925489644,2.613727542219017,3.0039028246938733]",54,54,0,12,8,24,32,0,"[{""input_columns"":12,""rank"":12,""deflated"":0},{""input_columns"":12,""rank"":12,""deflated"":0}]",,False,,,,,,"{""OP"":[0.6102008353527005,0.426710399348723,0.30077094381017666,0.15483388433306902,0.12509909021769866,0.08772209704238922],""OM"":[1.5665345642404243,1.5628511824406388,1.5563649223104783,1.5532521147582958,1.5502195639268326,1.5393141914781945,1.5347056394054006,1.530432780920545,1.528391155785418,1.5227484575503276,1.516143222553054,1.5128692782116926,1.5048435507627318,1.5028104373074567,1.4976613946899846,1.491730716515589,1.484493307146887,1.4813570315924431,1.4736412750266514,1.4659429770129855,1.461613645786734,1.4472730189760288,1.4441219720349017,1.4355017365565537]}","{""OP"":5.365544591283139,""OM"":0.13289678553034284}","{""OP"":0.2013978693782705,""OM"":0.9974850493079676}",results/a23/h1/scene_2001/H1_METRICS.json#/0/metadata,results/a23/h1/scene_2001/H1_METRICS.json#/0/metadata/seed_redundancy/pairwise,results/a23/h1/scene_2001/H1_METRICS.json#/0/metadata/hierarchy/joint_deflation,"independent fixed whitened-data Gaussian probes, T*S*"
2001,original_opm,OK,P,CONSTRUCTED,6,4,6,6,4,2,2,0.2077278563840336,"[0.09748713771398204,0.0883892488315609,0.09792129167883082,0.07281758166715444,0.08408986164871506,0.062228422712051236]",54,54,0,12,8,24,32,0,"[{""input_columns"":12,""rank"":12,""deflated"":0},{""input_columns"":12,""rank"":12,""deflated"":0}]",0.4429383726116562,False,,,,,,"{""OP"":[0.6102008353527005,0.426710399348723,0.30077094381017666,0.15483388433306902,0.12509909021769866,0.08772209704238922],""PM"":[1.5215947511231513,1.5171560858253885,1.500038092016387,1.4971959156730084,1.4895450344094856,1.4830893010021085]}","{""OP"":5.365544591283139,""PM"":0.029959058123520586}","{""OP"":0.2013978693782705,""PM"":0.9993777825232127}",results/a23/h1/scene_2001/H1_METRICS.json#/0/metadata,results/a23/h1/scene_2001/H1_METRICS.json#/0/metadata/seed_redundancy/pairwise,results/a23/h1/scene_2001/H1_METRICS.json#/0/metadata/hierarchy/joint_deflation,"all known reference illumination forcing, Kb"
2001,original_opm,OK,M,CONSTRUCTED,24,4,24,24,4,20,20,4.629095800113361,"[0.9438861864431961,0.9442007851146128,0.944186718692588,0.9442309421989584,0.9454436198593262,0.9454517648412237,0.9457688775683696,0.9457592005058018,0.9440438154890153,0.942908655023023,0.9441322188852631,0.944359130830632,0.944885182862334,0.9446590810135396,0.9452994817935065,0.9448646697368629,0.9456555930461834,0.9456723902183349,0.9458057234641014,0.9456744882948653,0.9455608176214603,0.9449075446636415,0.9455614974610372,0.9449196598542572]",54,54,0,12,8,24,32,0,"[{""input_columns"":12,""rank"":12,""deflated"":0},{""input_columns"":12,""rank"":12,""deflated"":0}]",,False,,,,,,"{""OM"":[1.5665345642404243,1.5628511824406388,1.5563649223104783,1.5532521147582958,1.5502195639268326,1.5393141914781945,1.5347056394054006,1.530432780920545,1.528391155785418,1.5227484575503276,1.516143222553054,1.5128692782116926,1.5048435507627318,1.5028104373074567,1.4976613946899846,1.491730716515589,1.484493307146887,1.4813570315924431,1.4736412750266514,1.4659429770129855,1.461613645786734,1.4472730189760288,1.4441219720349017,1.4355017365565537],""PM"":[1.5215947511231513,1.5171560858253885,1.500038092016387,1.4971959156730084,1.4895450344094856,1.4830893010021085]}","{""OM"":0.13289678553034284,""PM"":0.029959058123520586}","{""OM"":0.9974850493079676,""PM"":0.9993777825232127}",results/a23/h1/scene_2001/H1_METRICS.json#/0/metadata,results/a23/h1/scene_2001/H1_METRICS.json#/0/metadata/seed_redundancy/pairwise,results/a23/h1/scene_2001/H1_METRICS.json#/0/metadata/hierarchy/joint_deflation,"independent full-cell real physical-L2 probes, KB"
2001,cached_opm,OK,O,CONSTRUCTED,24,4,24,24,4,20,20,15.469464655539054,"[3.529840322498635,3.196277319868434,2.9526488665013995,2.9965652879675635,3.3887801202339514,2.5453383388647923,3.769315085325933,2.758962977037071,3.043069776537676,2.967392072059994,3.820427218993047,3.008135648478839,4.2286846269330916,2.968484385379704,2.636281369942484,2.35346773904447,2.935586504477514,3.0410526526758876,3.1002023697250034,3.3811110102977793,3.6764058458598985,3.1585042925489644,2.613727542219017,3.0039028246938724]",54,54,0,12,8,24,32,0,"[{""input_columns"":12,""rank"":12,""deflated"":0},{""input_columns"":12,""rank"":12,""deflated"":0}]",,False,,,,,,"{""OP"":[0.6102008353527002,0.426710399348723,0.30077094381017627,0.15483388433306888,0.12509909021769872,0.08772209704238941],""OM"":[1.566534564240424,1.5628511824406384,1.5563649223104785,1.5532521147582963,1.5502195639268328,1.5393141914781947,1.5347056394054004,1.530432780920545,1.5283911557854177,1.5227484575503276,1.5161432225530533,1.5128692782116926,1.5048435507627316,1.5028104373074564,1.497661394689984,1.4917307165155895,1.484493307146888,1.4813570315924434,1.4736412750266514,1.4659429770129857,1.4616136457867335,1.4472730189760288,1.444121972034902,1.435501736556553]}","{""OP"":5.365544591283143,""OM"":0.13289678553034287}","{""OP"":0.20139786937827045,""OM"":0.9974850493079676}",results/a23/h1/scene_2001/H1_METRICS.json#/1/metadata,results/a23/h1/scene_2001/H1_METRICS.json#/1/metadata/seed_redundancy/pairwise,results/a23/h1/scene_2001/H1_METRICS.json#/1/metadata/hierarchy/joint_deflation,"independent fixed whitened-data Gaussian probes, T*S*"
2001,cached_opm,OK,P,CONSTRUCTED,6,4,6,6,4,2,2,0.20772785638403365,"[0.09748713771398206,0.0883892488315609,0.09792129167883082,0.07281758166715442,0.08408986164871506,0.062228422712051236]",54,54,0,12,8,24,32,0,"[{""input_columns"":12,""rank"":12,""deflated"":0},{""input_columns"":12,""rank"":12,""deflated"":0}]",0.4429383726116563,False,,,,,,"{""OP"":[0.6102008353527002,0.426710399348723,0.30077094381017627,0.15483388433306888,0.12509909021769872,0.08772209704238941],""PM"":[1.5215947511231513,1.5171560858253885,1.500038092016387,1.4971959156730084,1.4895450344094854,1.483089301002108]}","{""OP"":5.365544591283143,""PM"":0.029959058123520635}","{""OP"":0.20139786937827045,""PM"":0.9993777825232127}",results/a23/h1/scene_2001/H1_METRICS.json#/1/metadata,results/a23/h1/scene_2001/H1_METRICS.json#/1/metadata/seed_redundancy/pairwise,results/a23/h1/scene_2001/H1_METRICS.json#/1/metadata/hierarchy/joint_deflation,"all known reference illumination forcing, Kb"
2001,cached_opm,OK,M,CONSTRUCTED,24,4,24,24,4,20,20,4.629095800113361,"[0.9438861864431961,0.9442007851146128,0.944186718692588,0.9442309421989584,0.9454436198593263,0.9454517648412237,0.9457688775683696,0.9457592005058018,0.9440438154890152,0.9429086550230229,0.9441322188852631,0.944359130830632,0.944885182862334,0.9446590810135396,0.9452994817935065,0.9448646697368629,0.9456555930461833,0.945672390218335,0.9458057234641013,0.9456744882948652,0.9455608176214603,0.9449075446636416,0.9455614974610371,0.9449196598542572]",54,54,0,12,8,24,32,0,"[{""input_columns"":12,""rank"":12,""deflated"":0},{""input_columns"":12,""rank"":12,""deflated"":0}]",,False,,,,,,"{""OM"":[1.566534564240424,1.5628511824406384,1.5563649223104785,1.5532521147582963,1.5502195639268328,1.5393141914781947,1.5347056394054004,1.530432780920545,1.5283911557854177,1.5227484575503276,1.5161432225530533,1.5128692782116926,1.5048435507627316,1.5028104373074564,1.497661394689984,1.4917307165155895,1.484493307146888,1.4813570315924434,1.4736412750266514,1.4659429770129857,1.4616136457867335,1.4472730189760288,1.444121972034902,1.435501736556553],""PM"":[1.5215947511231513,1.5171560858253885,1.500038092016387,1.4971959156730084,1.4895450344094854,1.483089301002108]}","{""OM"":0.13289678553034287,""PM"":0.029959058123520635}","{""OM"":0.9974850493079676,""PM"":0.9993777825232127}",results/a23/h1/scene_2001/H1_METRICS.json#/1/metadata,results/a23/h1/scene_2001/H1_METRICS.json#/1/metadata/seed_redundancy/pairwise,results/a23/h1/scene_2001/H1_METRICS.json#/1/metadata/hierarchy/joint_deflation,"independent full-cell real physical-L2 probes, KB"
2001,source_anchored_opm,OK,O,CONSTRUCTED,24,4,24,24,4,20,20,18.678332730691263,"[3.7975870567258427,5.22000810480631,5.191341334684749,3.5085917898350356,3.7629445713268264,2.9056127266499585,3.1579988728678177,3.0269551559246874,4.302047231061733,4.1857470031511514,4.067419933575869,2.804512859921978,4.023531702615035,3.3981499754674793,3.131880561234578,3.4218487655658363,3.844990277585031,2.7812484791508667,4.17820721892226,3.267274943467763,4.548184391760898,4.697805708012165,2.9302380397204852,3.8114667147249164]",48,48,0,8,8,16,24,0,"[{""input_columns"":8,""rank"":8,""deflated"":0},{""input_columns"":8,""rank"":8,""deflated"":0}]",,False,,,,,,"{""OP"":[],""OM"":[1.5689399510936985,1.5607365648864593,1.5589381168672791,1.553538033564707,1.5443120870451421,1.5408229343640227,1.5314322817915165,1.5292758891183902,1.52808742103465,1.5195913088844433,1.5164170304948767,1.5107264154696407,1.5087768962116015,1.4986501461260715,1.4936982071128047,1.4891840545336612,1.4882580823146037,1.4789025419405466,1.468441685053975,1.4638759476766419,1.4574529718860372,1.4494084021931082,1.4359451765646747,1.4316861956021376]}","{""OP"":0.0,""OM"":0.13983348975476173}","{""OP"":null,""OM"":0.9973574275600983}",results/a23/h1/scene_2001/H1_METRICS.json#/2/metadata,results/a23/h1/scene_2001/H1_METRICS.json#/2/metadata/seed_redundancy/pairwise,results/a23/h1/scene_2001/H1_METRICS.json#/2/metadata/hierarchy/joint_deflation,"independent fixed whitened-data Gaussian probes, T*S*"
2001,source_anchored_opm,OK,P,STRUCTURAL_ZERO_VERIFIED,6,4,6,0,0,6,0,2.6795181118158033e-15,"[1.0441670809949945e-15,1.1540301441602525e-15,1.0728827687532113e-15,1.1755270154128063e-15,1.0918563219624544e-15,1.0161965447798546e-15]",48,48,0,8,8,16,24,0,"[{""input_columns"":8,""rank"":8,""deflated"":0},{""input_columns"":8,""rank"":8,""deflated"":0}]",5.713539880934209e-15,True,True,True,results/a23/h1/scene_2001/H1_METRICS.json#/2/metadata/seed_records/P,5.713539880934209e-15,own saved P construction,"{""OP"":[],""PM"":[]}","{""OP"":0.0,""PM"":0.0}","{""OP"":null,""PM"":null}",results/a23/h1/scene_2001/H1_METRICS.json#/2/metadata,results/a23/h1/scene_2001/H1_METRICS.json#/2/metadata/seed_redundancy/pairwise,results/a23/h1/scene_2001/H1_METRICS.json#/2/metadata/hierarchy/joint_deflation,"all known reference illumination forcing, Kb"
2001,source_anchored_opm,OK,M,CONSTRUCTED,24,4,24,24,4,20,20,4.629366374059498,"[0.9439478318962354,0.9441691807067596,0.9440859144119033,0.9442104292121132,0.9459383352030445,0.9451708222284136,0.9458237859777463,0.9460265820313015,0.9440377608039139,0.9427222982674378,0.9441853076993627,0.9445471031440096,0.9451619926681538,0.9455557020104688,0.9454305642505675,0.9446209452093605,0.9455917105548444,0.945654096757801,0.9457156496114064,0.9456991120899082,0.9455369610015409,0.9448797607486099,0.9454025135502048,0.9450481976627014]",48,48,0,8,8,16,24,0,"[{""input_columns"":8,""rank"":8,""deflated"":0},{""input_columns"":8,""rank"":8,""deflated"":0}]",,False,,,,,,"{""OM"":[1.5689399510936985,1.5607365648864593,1.5589381168672791,1.553538033564707,1.5443120870451421,1.5408229343640227,1.5314322817915165,1.5292758891183902,1.52808742103465,1.5195913088844433,1.5164170304948767,1.5107264154696407,1.5087768962116015,1.4986501461260715,1.4936982071128047,1.4891840545336612,1.4882580823146037,1.4789025419405466,1.468441685053975,1.4638759476766419,1.4574529718860372,1.4494084021931082,1.4359451765646747,1.4316861956021376],""PM"":[]}","{""OM"":0.13983348975476173,""PM"":0.0}","{""OM"":0.9973574275600983,""PM"":null}",results/a23/h1/scene_2001/H1_METRICS.json#/2/metadata,results/a23/h1/scene_2001/H1_METRICS.json#/2/metadata/seed_redundancy/pairwise,results/a23/h1/scene_2001/H1_METRICS.json#/2/metadata/hierarchy/joint_deflation,"independent full-cell real physical-L2 probes, KB"
2001,source_anchored_om,OK,O,CONSTRUCTED,24,4,24,24,4,20,20,18.678332730691263,"[3.7975870567258427,5.22000810480631,5.191341334684749,3.5085917898350356,3.7629445713268264,2.9056127266499585,3.1579988728678177,3.0269551559246874,4.302047231061733,4.1857470031511514,4.067419933575869,2.804512859921978,4.023531702615035,3.3981499754674793,3.131880561234578,3.4218487655658363,3.844990277585031,2.7812484791508667,4.17820721892226,3.267274943467763,4.548184391760898,4.697805708012165,2.9302380397204852,3.8114667147249164]",48,48,0,8,8,16,24,0,"[{""input_columns"":8,""rank"":8,""deflated"":0},{""input_columns"":8,""rank"":8,""deflated"":0}]",,False,,,,,,"{""OP"":[],""OM"":[1.5689399510936985,1.5607365648864593,1.5589381168672791,1.553538033564707,1.5443120870451421,1.5408229343640227,1.5314322817915165,1.5292758891183902,1.52808742103465,1.5195913088844433,1.5164170304948767,1.5107264154696407,1.5087768962116015,1.4986501461260715,1.4936982071128047,1.4891840545336612,1.4882580823146037,1.4789025419405466,1.468441685053975,1.4638759476766419,1.4574529718860372,1.4494084021931082,1.4359451765646747,1.4316861956021376]}","{""OP"":0.0,""OM"":0.13983348975476173}","{""OP"":null,""OM"":0.9973574275600983}",results/a23/h1/scene_2001/H1_METRICS.json#/3/metadata,results/a23/h1/scene_2001/H1_METRICS.json#/3/metadata/seed_redundancy/pairwise,results/a23/h1/scene_2001/H1_METRICS.json#/3/metadata/hierarchy/joint_deflation,"independent fixed whitened-data Gaussian probes, T*S*"
2001,source_anchored_om,OK,P,OMITTED,0,0,0,0,0,0,0,0.0,[],48,48,0,8,8,16,24,0,"[{""input_columns"":8,""rank"":8,""deflated"":0},{""input_columns"":8,""rank"":8,""deflated"":0}]",,False,,True,results/a23/h1/scene_2001/H1_METRICS.json#/2/metadata/seed_records/P,5.713539880934209e-15,same-scene source_anchored_opm; this arm omitted P,"{""OP"":[],""PM"":[]}","{""OP"":0.0,""PM"":0.0}","{""OP"":null,""PM"":null}",results/a23/h1/scene_2001/H1_METRICS.json#/3/metadata,results/a23/h1/scene_2001/H1_METRICS.json#/3/metadata/seed_redundancy/pairwise,results/a23/h1/scene_2001/H1_METRICS.json#/3/metadata/hierarchy/joint_deflation,"all known reference illumination forcing, Kb"
2001,source_anchored_om,OK,M,CONSTRUCTED,24,4,24,24,4,20,20,4.629366374059498,"[0.9439478318962354,0.9441691807067596,0.9440859144119033,0.9442104292121132,0.9459383352030445,0.9451708222284136,0.9458237859777463,0.9460265820313015,0.9440377608039139,0.9427222982674378,0.9441853076993627,0.9445471031440096,0.9451619926681538,0.9455557020104688,0.9454305642505675,0.9446209452093605,0.9455917105548444,0.945654096757801,0.9457156496114064,0.9456991120899082,0.9455369610015409,0.9448797607486099,0.9454025135502048,0.9450481976627014]",48,48,0,8,8,16,24,0,"[{""input_columns"":8,""rank"":8,""deflated"":0},{""input_columns"":8,""rank"":8,""deflated"":0}]",,False,,,,,,"{""OM"":[1.5689399510936985,1.5607365648864593,1.5589381168672791,1.553538033564707,1.5443120870451421,1.5408229343640227,1.5314322817915165,1.5292758891183902,1.52808742103465,1.5195913088844433,1.5164170304948767,1.5107264154696407,1.5087768962116015,1.4986501461260715,1.4936982071128047,1.4891840545336612,1.4882580823146037,1.4789025419405466,1.468441685053975,1.4638759476766419,1.4574529718860372,1.4494084021931082,1.4359451765646747,1.4316861956021376],""PM"":[]}","{""OM"":0.13983348975476173,""PM"":0.0}","{""OM"":0.9973574275600983,""PM"":null}",results/a23/h1/scene_2001/H1_METRICS.json#/3/metadata,results/a23/h1/scene_2001/H1_METRICS.json#/3/metadata/seed_redundancy/pairwise,results/a23/h1/scene_2001/H1_METRICS.json#/3/metadata/hierarchy/joint_deflation,"independent full-cell real physical-L2 probes, KB"
2001,mp,OK,O,OMITTED,0,0,0,0,0,0,0,0.0,[],30,30,0,8,8,16,24,0,"[{""input_columns"":8,""rank"":8,""deflated"":0},{""input_columns"":8,""rank"":8,""deflated"":0}]",,False,,,,,,"{""OP"":[],""OM"":[]}","{""OP"":0.0,""OM"":0.0}","{""OP"":null,""OM"":null}",results/a23/h1/scene_2001/H1_METRICS.json#/4/metadata,results/a23/h1/scene_2001/H1_METRICS.json#/4/metadata/seed_redundancy/pairwise,results/a23/h1/scene_2001/H1_METRICS.json#/4/metadata/hierarchy/joint_deflation,"independent fixed whitened-data Gaussian probes, T*S*"
2001,mp,OK,P,CONSTRUCTED,6,4,6,6,4,2,2,0.20772785638403365,"[0.09748713771398206,0.0883892488315609,0.09792129167883082,0.07281758166715442,0.08408986164871506,0.062228422712051236]",30,30,0,8,8,16,24,0,"[{""input_columns"":8,""rank"":8,""deflated"":0},{""input_columns"":8,""rank"":8,""deflated"":0}]",0.4429383726116563,False,,,,,,"{""OP"":[],""PM"":[1.5215947511231513,1.5171560858253885,1.500038092016387,1.4971959156730084,1.4895450344094854,1.483089301002108]}","{""OP"":0.0,""PM"":0.029959058123520635}","{""OP"":null,""PM"":0.9993777825232127}",results/a23/h1/scene_2001/H1_METRICS.json#/4/metadata,results/a23/h1/scene_2001/H1_METRICS.json#/4/metadata/seed_redundancy/pairwise,results/a23/h1/scene_2001/H1_METRICS.json#/4/metadata/hierarchy/joint_deflation,"all known reference illumination forcing, Kb"
2001,mp,OK,M,CONSTRUCTED,24,4,24,24,4,20,20,4.629095800113361,"[0.9438861864431961,0.9442007851146128,0.944186718692588,0.9442309421989584,0.9454436198593263,0.9454517648412237,0.9457688775683696,0.9457592005058018,0.9440438154890152,0.9429086550230229,0.9441322188852631,0.944359130830632,0.944885182862334,0.9446590810135396,0.9452994817935065,0.9448646697368629,0.9456555930461833,0.945672390218335,0.9458057234641013,0.9456744882948652,0.9455608176214603,0.9449075446636416,0.9455614974610371,0.9449196598542572]",30,30,0,8,8,16,24,0,"[{""input_columns"":8,""rank"":8,""deflated"":0},{""input_columns"":8,""rank"":8,""deflated"":0}]",,False,,,,,,"{""OM"":[],""PM"":[1.5215947511231513,1.5171560858253885,1.500038092016387,1.4971959156730084,1.4895450344094854,1.483089301002108]}","{""OM"":0.0,""PM"":0.029959058123520635}","{""OM"":null,""PM"":0.9993777825232127}",results/a23/h1/scene_2001/H1_METRICS.json#/4/metadata,results/a23/h1/scene_2001/H1_METRICS.json#/4/metadata/seed_redundancy/pairwise,results/a23/h1/scene_2001/H1_METRICS.json#/4/metadata/hierarchy/joint_deflation,"independent full-cell real physical-L2 probes, KB"
2001,m_only,OK,O,OMITTED,0,0,0,0,0,0,0,0.0,[],24,24,0,4,8,8,16,0,"[{""input_columns"":4,""rank"":4,""deflated"":0},{""input_columns"":4,""rank"":4,""deflated"":0}]",,False,,,,,,"{""OP"":[],""OM"":[]}","{""OP"":0.0,""OM"":0.0}","{""OP"":null,""OM"":null}",results/a23/h1/scene_2001/H1_METRICS.json#/5/metadata,results/a23/h1/scene_2001/H1_METRICS.json#/5/metadata/seed_redundancy/pairwise,results/a23/h1/scene_2001/H1_METRICS.json#/5/metadata/hierarchy/joint_deflation,"independent fixed whitened-data Gaussian probes, T*S*"
2001,m_only,OK,P,OMITTED,0,0,0,0,0,0,0,0.0,[],24,24,0,4,8,8,16,0,"[{""input_columns"":4,""rank"":4,""deflated"":0},{""input_columns"":4,""rank"":4,""deflated"":0}]",,False,,,,,,"{""OP"":[],""PM"":[]}","{""OP"":0.0,""PM"":0.0}","{""OP"":null,""PM"":null}",results/a23/h1/scene_2001/H1_METRICS.json#/5/metadata,results/a23/h1/scene_2001/H1_METRICS.json#/5/metadata/seed_redundancy/pairwise,results/a23/h1/scene_2001/H1_METRICS.json#/5/metadata/hierarchy/joint_deflation,"all known reference illumination forcing, Kb"
2001,m_only,OK,M,CONSTRUCTED,24,4,24,24,4,20,20,4.629095800113361,"[0.9438861864431961,0.9442007851146128,0.944186718692588,0.9442309421989584,0.9454436198593263,0.9454517648412237,0.9457688775683696,0.9457592005058018,0.9440438154890152,0.9429086550230229,0.9441322188852631,0.944359130830632,0.944885182862334,0.9446590810135396,0.9452994817935065,0.9448646697368629,0.9456555930461833,0.945672390218335,0.9458057234641013,0.9456744882948652,0.9455608176214603,0.9449075446636416,0.9455614974610371,0.9449196598542572]",24,24,0,4,8,8,16,0,"[{""input_columns"":4,""rank"":4,""deflated"":0},{""input_columns"":4,""rank"":4,""deflated"":0}]",,False,,,,,,"{""OM"":[],""PM"":[]}","{""OM"":0.0,""PM"":0.0}","{""OM"":null,""PM"":null}",results/a23/h1/scene_2001/H1_METRICS.json#/5/metadata,results/a23/h1/scene_2001/H1_METRICS.json#/5/metadata/seed_redundancy/pairwise,results/a23/h1/scene_2001/H1_METRICS.json#/5/metadata/hierarchy/joint_deflation,"independent full-cell real physical-L2 probes, KB"
2001,randomized_transfer,OK,O,NOT_APPLICABLE_NO_CURRENT_SEEDS,,,,,,,,,[],,,,,,,,,[],,,,,,,,{},{},{},results/a23/h1/scene_2001/H1_METRICS.json#/6/metadata,,,
2001,randomized_transfer,OK,P,NOT_APPLICABLE_NO_CURRENT_SEEDS,,,,,,,,,[],,,,,,,,,[],,,,,,,,{},{},{},results/a23/h1/scene_2001/H1_METRICS.json#/6/metadata,,,
2001,randomized_transfer,OK,M,NOT_APPLICABLE_NO_CURRENT_SEEDS,,,,,,,,,[],,,,,,,,,[],,,,,,,,{},{},{},results/a23/h1/scene_2001/H1_METRICS.json#/6/metadata,,,
2001,direct_adjoint,OK,O,NOT_APPLICABLE_NO_CURRENT_SEEDS,,,,,,,,,[],,,,,,,,,[],,,,,,,,{},{},{},results/a23/h1/scene_2001/H1_METRICS.json#/7/metadata,,,
2001,direct_adjoint,OK,P,NOT_APPLICABLE_NO_CURRENT_SEEDS,,,,,,,,,[],,,,,,,,,[],,,,,,,,{},{},{},results/a23/h1/scene_2001/H1_METRICS.json#/7/metadata,,,
2001,direct_adjoint,OK,M,NOT_APPLICABLE_NO_CURRENT_SEEDS,,,,,,,,,[],,,,,,,,,[],,,,,,,,{},{},{},results/a23/h1/scene_2001/H1_METRICS.json#/7/metadata,,,
2003,original_opm,OK,O,CONSTRUCTED,24,4,24,24,4,20,20,14.366497119648155,"[2.9008504999851534,2.7205168716950463,2.9477576051794374,3.1462855883423435,2.8406424374534436,3.10623149816261,2.8916827566946846,3.4964565105552006,3.2592270635535243,1.9728235088327832,2.5507641584957845,2.7100552653491095,2.633137783779126,2.749336220001201,4.307234688673632,3.07522923424488,2.365784749484849,2.5669648759157493,2.7688300649800497,4.360804790184272,2.6302267427252097,2.416860760936301,2.4834207988143207,2.241386243232072]",54,54,0,12,8,24,32,0,"[{""input_columns"":12,""rank"":12,""deflated"":0},{""input_columns"":12,""rank"":12,""deflated"":0}]",,False,,,,,,"{""OP"":[0.5986993551281183,0.48278974713673656,0.3209192482978425,0.278428975388908,0.21089056975232687,0.12988801575851674],""OM"":[1.5689820781882178,1.5641633945976197,1.5565528906710067,1.5557063329739358,1.54941323210359,1.5480276644319084,1.5404235028158455,1.537149172488059,1.534066669635871,1.529340964741836,1.525021742877084,1.518663552095207,1.5107139664319222,1.504564252155719,1.498231934966254,1.493346736448495,1.4890414881447576,1.481907584505072,1.4751655563585806,1.4693955945231287,1.458021959033412,1.4462828544934831,1.4405571359844453,1.4190353431559888]}","{""OP"":5.231223291912538,""OM"":0.13233440671242497}","{""OP"":0.2603496128219874,""OM"":0.9975359095302418}",results/a23/h1/scene_2003/H1_METRICS.json#/0/metadata,results/a23/h1/scene_2003/H1_METRICS.json#/0/metadata/seed_redundancy/pairwise,results/a23/h1/scene_2003/H1_METRICS.json#/0/metadata/hierarchy/joint_deflation,"independent fixed whitened-data Gaussian probes, T*S*"
2003,original_opm,OK,P,CONSTRUCTED,6,4,6,6,4,2,2,0.1780791393031789,"[0.05557620965660804,0.04838982693218606,0.055496033919544684,0.102727132493672,0.046565494442003544,0.10237612329463813]",54,54,0,12,8,24,32,0,"[{""input_columns"":12,""rank"":12,""deflated"":0},{""input_columns"":12,""rank"":12,""deflated"":0}]",0.37971837543641507,False,,,,,,"{""OP"":[0.5986993551281183,0.48278974713673656,0.3209192482978425,0.278428975388908,0.21089056975232687,0.12988801575851674],""PM"":[1.5298237575772184,1.5170044111964156,1.5055690341561874,1.5010460911615937,1.485016788370578,1.4745852350982467]}","{""OP"":5.231223291912538,""PM"":0.030242520162163933}","{""OP"":0.2603496128219874,""PM"":0.9993993286476558}",results/a23/h1/scene_2003/H1_METRICS.json#/0/metadata,results/a23/h1/scene_2003/H1_METRICS.json#/0/metadata/seed_redundancy/pairwise,results/a23/h1/scene_2003/H1_METRICS.json#/0/metadata/hierarchy/joint_deflation,"all known reference illumination forcing, Kb"
2003,original_opm,OK,M,CONSTRUCTED,24,4,24,24,4,20,20,4.630923376493591,"[0.9449793397434464,0.945974995605166,0.9437555654849503,0.9460141308912143,0.9455925172012567,0.9456824195204034,0.9445635095600314,0.9462074529287021,0.9455546147315652,0.9448359369655914,0.9450619956842046,0.9447973041673626,0.94581563119681,0.9453423178338635,0.944833950623416,0.9450040397857843,0.9455600603251483,0.9459512736381326,0.9453773189706471,0.9446268167813792,0.9443872221081594,0.9463095987518276,0.9446134502509218,0.9459519180895817]",54,54,0,12,8,24,32,0,"[{""input_columns"":12,""rank"":12,""deflated"":0},{""input_columns"":12,""rank"":12,""deflated"":0}]",,False,,,,,,"{""OM"":[1.5689820781882178,1.5641633945976197,1.5565528906710067,1.5557063329739358,1.54941323210359,1.5480276644319084,1.5404235028158455,1.537149172488059,1.534066669635871,1.529340964741836,1.525021742877084,1.518663552095207,1.5107139664319222,1.504564252155719,1.498231934966254,1.493346736448495,1.4890414881447576,1.481907584505072,1.4751655563585806,1.4693955945231287,1.458021959033412,1.4462828544934831,1.4405571359844453,1.4190353431559888],""PM"":[1.5298237575772184,1.5170044111964156,1.5055690341561874,1.5010460911615937,1.485016788370578,1.4745852350982467]}","{""OM"":0.13233440671242497,""PM"":0.030242520162163933}","{""OM"":0.9975359095302418,""PM"":0.9993993286476558}",results/a23/h1/scene_2003/H1_METRICS.json#/0/metadata,results/a23/h1/scene_2003/H1_METRICS.json#/0/metadata/seed_redundancy/pairwise,results/a23/h1/scene_2003/H1_METRICS.json#/0/metadata/hierarchy/joint_deflation,"independent full-cell real physical-L2 probes, KB"
2003,cached_opm,OK,O,CONSTRUCTED,24,4,24,24,4,20,20,14.366497119648155,"[2.9008504999851508,2.720516871695044,2.947757605179438,3.1462855883423435,2.8406424374534436,3.10623149816261,2.891682756694684,3.4964565105552006,3.259227063553525,1.972823508832784,2.5507641584957836,2.7100552653491095,2.6331377837791257,2.7493362200012013,4.307234688673632,3.0752292342448793,2.36578474948485,2.56696487591575,2.76883006498005,4.360804790184272,2.630226742725209,2.4168607609363013,2.4834207988143207,2.241386243232072]",54,54,0,12,8,24,32,0,"[{""input_columns"":12,""rank"":12,""deflated"":0},{""input_columns"":12,""rank"":12,""deflated"":0}]",,False,,,,,,"{""OP"":[0.5986993551281177,0.4827897471367362,0.32091924829784296,0.278428975388908,0.2108905697523272,0.12988801575851636],""OM"":[1.5689820781882176,1.5641633945976192,1.5565528906710067,1.555706332973936,1.5494132321035894,1.548027664431908,1.5404235028158453,1.5371491724880593,1.5340666696358707,1.5293409647418348,1.5250217428770834,1.5186635520952074,1.5107139664319222,1.5045642521557183,1.4982319349662543,1.493346736448495,1.4890414881447578,1.4819075845050718,1.4751655563585806,1.4693955945231285,1.458021959033412,1.4462828544934836,1.4405571359844453,1.4190353431559894]}","{""OP"":5.231223291912538,""OM"":0.13233440671242497}","{""OP"":0.26034961282198715,""OM"":0.9975359095302421}",results/a23/h1/scene_2003/H1_METRICS.json#/1/metadata,results/a23/h1/scene_2003/H1_METRICS.json#/1/metadata/seed_redundancy/pairwise,results/a23/h1/scene_2003/H1_METRICS.json#/1/metadata/hierarchy/joint_deflation,"independent fixed whitened-data Gaussian probes, T*S*"
2003,cached_opm,OK,P,CONSTRUCTED,6,4,6,6,4,2,2,0.17807913930317895,"[0.05557620965660804,0.04838982693218606,0.05549603391954466,0.102727132493672,0.04656549444200352,0.10237612329463808]",54,54,0,12,8,24,32,0,"[{""input_columns"":12,""rank"":12,""deflated"":0},{""input_columns"":12,""rank"":12,""deflated"":0}]",0.3797183754364152,False,,,,,,"{""OP"":[0.5986993551281177,0.4827897471367362,0.32091924829784296,0.278428975388908,0.2108905697523272,0.12988801575851636],""PM"":[1.5298237575772184,1.5170044111964156,1.5055690341561874,1.5010460911615937,1.4850167883705783,1.474585235098247]}","{""OP"":5.231223291912538,""PM"":0.030242520162163885}","{""OP"":0.26034961282198715,""PM"":0.9993993286476558}",results/a23/h1/scene_2003/H1_METRICS.json#/1/metadata,results/a23/h1/scene_2003/H1_METRICS.json#/1/metadata/seed_redundancy/pairwise,results/a23/h1/scene_2003/H1_METRICS.json#/1/metadata/hierarchy/joint_deflation,"all known reference illumination forcing, Kb"
2003,cached_opm,OK,M,CONSTRUCTED,24,4,24,24,4,20,20,4.630923376493591,"[0.9449793397434464,0.9459749956051661,0.9437555654849503,0.9460141308912143,0.9455925172012567,0.9456824195204034,0.9445635095600314,0.9462074529287021,0.9455546147315651,0.9448359369655915,0.9450619956842046,0.9447973041673625,0.9458156311968099,0.9453423178338634,0.9448339506234161,0.9450040397857843,0.9455600603251482,0.9459512736381326,0.9453773189706473,0.9446268167813792,0.9443872221081594,0.9463095987518276,0.9446134502509218,0.9459519180895817]",54,54,0,12,8,24,32,0,"[{""input_columns"":12,""rank"":12,""deflated"":0},{""input_columns"":12,""rank"":12,""deflated"":0}]",,False,,,,,,"{""OM"":[1.5689820781882176,1.5641633945976192,1.5565528906710067,1.555706332973936,1.5494132321035894,1.548027664431908,1.5404235028158453,1.5371491724880593,1.5340666696358707,1.5293409647418348,1.5250217428770834,1.5186635520952074,1.5107139664319222,1.5045642521557183,1.4982319349662543,1.493346736448495,1.4890414881447578,1.4819075845050718,1.4751655563585806,1.4693955945231285,1.458021959033412,1.4462828544934836,1.4405571359844453,1.4190353431559894],""PM"":[1.5298237575772184,1.5170044111964156,1.5055690341561874,1.5010460911615937,1.4850167883705783,1.474585235098247]}","{""OM"":0.13233440671242497,""PM"":0.030242520162163885}","{""OM"":0.9975359095302421,""PM"":0.9993993286476558}",results/a23/h1/scene_2003/H1_METRICS.json#/1/metadata,results/a23/h1/scene_2003/H1_METRICS.json#/1/metadata/seed_redundancy/pairwise,results/a23/h1/scene_2003/H1_METRICS.json#/1/metadata/hierarchy/joint_deflation,"independent full-cell real physical-L2 probes, KB"
2003,source_anchored_opm,OK,O,CONSTRUCTED,24,4,24,24,4,20,20,17.142334285024745,"[3.131740300294043,3.003587123052758,2.18950864215346,4.064521446134317,2.6868098594530134,3.447093456336544,3.527503276625111,4.250612395202276,3.6453758934998506,2.0878219323528016,2.657497299290754,3.4952285259255573,2.9374827968938977,3.108679238120028,4.526030646731291,5.000359219127415,3.0360906437867388,2.717507530294345,2.9641914889630576,5.662021981753109,3.640040408779345,3.4333801853238506,3.2292088799768015,3.2376387211581257]",48,48,0,8,8,16,24,0,"[{""input_columns"":8,""rank"":8,""deflated"":0},{""input_columns"":8,""rank"":8,""deflated"":0}]",,False,,,,,,"{""OP"":[],""OM"":[1.566743421822847,1.5601557902694856,1.5574542258801043,1.5525324373491953,1.5483572291169012,1.543773127131035,1.5416226166373788,1.5382011635807544,1.532681555214849,1.5257820274323899,1.5217022081177922,1.5174221809107933,1.5120050943574161,1.5083438297827279,1.4993902455652148,1.4964350849906176,1.4871209342510543,1.4810311752700973,1.4773323171636752,1.471569446991324,1.4650631081464143,1.448402509586837,1.4374495853169302,1.4207039657534808]}","{""OP"":0.0,""OM"":0.13010021108489134}","{""OP"":null,""OM"":0.9975259447845768}",results/a23/h1/scene_2003/H1_METRICS.json#/2/metadata,results/a23/h1/scene_2003/H1_METRICS.json#/2/metadata/seed_redundancy/pairwise,results/a23/h1/scene_2003/H1_METRICS.json#/2/metadata/hierarchy/joint_deflation,"independent fixed whitened-data Gaussian probes, T*S*"
2003,source_anchored_opm,OK,P,STRUCTURAL_ZERO_VERIFIED,6,4,6,0,0,6,0,2.885375649538101e-15,"[1.176752764760549e-15,1.1406944973715673e-15,1.1883785240443596e-15,1.1542447797834894e-15,1.2100711697476867e-15,1.1961040378329266e-15]",48,48,0,8,8,16,24,0,"[{""input_columns"":8,""rank"":8,""deflated"":0},{""input_columns"":8,""rank"":8,""deflated"":0}]",6.152490170682448e-15,True,True,True,results/a23/h1/scene_2003/H1_METRICS.json#/2/metadata/seed_records/P,6.152490170682448e-15,own saved P construction,"{""OP"":[],""PM"":[]}","{""OP"":0.0,""PM"":0.0}","{""OP"":null,""PM"":null}",results/a23/h1/scene_2003/H1_METRICS.json#/2/metadata,results/a23/h1/scene_2003/H1_METRICS.json#/2/metadata/seed_redundancy/pairwise,results/a23/h1/scene_2003/H1_METRICS.json#/2/metadata/hierarchy/joint_deflation,"all known reference illumination forcing, Kb"
2003,source_anchored_opm,OK,M,CONSTRUCTED,24,4,24,24,4,20,20,4.631048732387814,"[0.9449055248647729,0.9460034932624183,0.9437752716029991,0.9459794062444797,0.9456907896539353,0.9454531684191099,0.9449257882409929,0.9463068007086022,0.9457313499869182,0.9447598959930691,0.9452199504827751,0.9443367555851503,0.9457870181859687,0.9453225478984885,0.94489936209573,0.9449762729829717,0.9456295515935739,0.9459267062966127,0.9454461057910499,0.9446349167354079,0.9447494721303827,0.9463181481712293,0.9446189395695295,0.9460102356969764]",48,48,0,8,8,16,24,0,"[{""input_columns"":8,""rank"":8,""deflated"":0},{""input_columns"":8,""rank"":8,""deflated"":0}]",,False,,,,,,"{""OM"":[1.566743421822847,1.5601557902694856,1.5574542258801043,1.5525324373491953,1.5483572291169012,1.543773127131035,1.5416226166373788,1.5382011635807544,1.532681555214849,1.5257820274323899,1.5217022081177922,1.5174221809107933,1.5120050943574161,1.5083438297827279,1.4993902455652148,1.4964350849906176,1.4871209342510543,1.4810311752700973,1.4773323171636752,1.471569446991324,1.4650631081464143,1.448402509586837,1.4374495853169302,1.4207039657534808],""PM"":[]}","{""OM"":0.13010021108489134,""PM"":0.0}","{""OM"":0.9975259447845768,""PM"":null}",results/a23/h1/scene_2003/H1_METRICS.json#/2/metadata,results/a23/h1/scene_2003/H1_METRICS.json#/2/metadata/seed_redundancy/pairwise,results/a23/h1/scene_2003/H1_METRICS.json#/2/metadata/hierarchy/joint_deflation,"independent full-cell real physical-L2 probes, KB"
2003,source_anchored_om,OK,O,CONSTRUCTED,24,4,24,24,4,20,20,17.142334285024745,"[3.131740300294043,3.003587123052758,2.18950864215346,4.064521446134317,2.6868098594530134,3.447093456336544,3.527503276625111,4.250612395202276,3.6453758934998506,2.0878219323528016,2.657497299290754,3.4952285259255573,2.9374827968938977,3.108679238120028,4.526030646731291,5.000359219127415,3.0360906437867388,2.717507530294345,2.9641914889630576,5.662021981753109,3.640040408779345,3.4333801853238506,3.2292088799768015,3.2376387211581257]",48,48,0,8,8,16,24,0,"[{""input_columns"":8,""rank"":8,""deflated"":0},{""input_columns"":8,""rank"":8,""deflated"":0}]",,False,,,,,,"{""OP"":[],""OM"":[1.566743421822847,1.5601557902694856,1.5574542258801043,1.5525324373491953,1.5483572291169012,1.543773127131035,1.5416226166373788,1.5382011635807544,1.532681555214849,1.5257820274323899,1.5217022081177922,1.5174221809107933,1.5120050943574161,1.5083438297827279,1.4993902455652148,1.4964350849906176,1.4871209342510543,1.4810311752700973,1.4773323171636752,1.471569446991324,1.4650631081464143,1.448402509586837,1.4374495853169302,1.4207039657534808]}","{""OP"":0.0,""OM"":0.13010021108489134}","{""OP"":null,""OM"":0.9975259447845768}",results/a23/h1/scene_2003/H1_METRICS.json#/3/metadata,results/a23/h1/scene_2003/H1_METRICS.json#/3/metadata/seed_redundancy/pairwise,results/a23/h1/scene_2003/H1_METRICS.json#/3/metadata/hierarchy/joint_deflation,"independent fixed whitened-data Gaussian probes, T*S*"
2003,source_anchored_om,OK,P,OMITTED,0,0,0,0,0,0,0,0.0,[],48,48,0,8,8,16,24,0,"[{""input_columns"":8,""rank"":8,""deflated"":0},{""input_columns"":8,""rank"":8,""deflated"":0}]",,False,,True,results/a23/h1/scene_2003/H1_METRICS.json#/2/metadata/seed_records/P,6.152490170682448e-15,same-scene source_anchored_opm; this arm omitted P,"{""OP"":[],""PM"":[]}","{""OP"":0.0,""PM"":0.0}","{""OP"":null,""PM"":null}",results/a23/h1/scene_2003/H1_METRICS.json#/3/metadata,results/a23/h1/scene_2003/H1_METRICS.json#/3/metadata/seed_redundancy/pairwise,results/a23/h1/scene_2003/H1_METRICS.json#/3/metadata/hierarchy/joint_deflation,"all known reference illumination forcing, Kb"
2003,source_anchored_om,OK,M,CONSTRUCTED,24,4,24,24,4,20,20,4.631048732387814,"[0.9449055248647729,0.9460034932624183,0.9437752716029991,0.9459794062444797,0.9456907896539353,0.9454531684191099,0.9449257882409929,0.9463068007086022,0.9457313499869182,0.9447598959930691,0.9452199504827751,0.9443367555851503,0.9457870181859687,0.9453225478984885,0.94489936209573,0.9449762729829717,0.9456295515935739,0.9459267062966127,0.9454461057910499,0.9446349167354079,0.9447494721303827,0.9463181481712293,0.9446189395695295,0.9460102356969764]",48,48,0,8,8,16,24,0,"[{""input_columns"":8,""rank"":8,""deflated"":0},{""input_columns"":8,""rank"":8,""deflated"":0}]",,False,,,,,,"{""OM"":[1.566743421822847,1.5601557902694856,1.5574542258801043,1.5525324373491953,1.5483572291169012,1.543773127131035,1.5416226166373788,1.5382011635807544,1.532681555214849,1.5257820274323899,1.5217022081177922,1.5174221809107933,1.5120050943574161,1.5083438297827279,1.4993902455652148,1.4964350849906176,1.4871209342510543,1.4810311752700973,1.4773323171636752,1.471569446991324,1.4650631081464143,1.448402509586837,1.4374495853169302,1.4207039657534808],""PM"":[]}","{""OM"":0.13010021108489134,""PM"":0.0}","{""OM"":0.9975259447845768,""PM"":null}",results/a23/h1/scene_2003/H1_METRICS.json#/3/metadata,results/a23/h1/scene_2003/H1_METRICS.json#/3/metadata/seed_redundancy/pairwise,results/a23/h1/scene_2003/H1_METRICS.json#/3/metadata/hierarchy/joint_deflation,"independent full-cell real physical-L2 probes, KB"
2003,mp,OK,O,OMITTED,0,0,0,0,0,0,0,0.0,[],30,30,0,8,8,16,24,0,"[{""input_columns"":8,""rank"":8,""deflated"":0},{""input_columns"":8,""rank"":8,""deflated"":0}]",,False,,,,,,"{""OP"":[],""OM"":[]}","{""OP"":0.0,""OM"":0.0}","{""OP"":null,""OM"":null}",results/a23/h1/scene_2003/H1_METRICS.json#/4/metadata,results/a23/h1/scene_2003/H1_METRICS.json#/4/metadata/seed_redundancy/pairwise,results/a23/h1/scene_2003/H1_METRICS.json#/4/metadata/hierarchy/joint_deflation,"independent fixed whitened-data Gaussian probes, T*S*"
2003,mp,OK,P,CONSTRUCTED,6,4,6,6,4,2,2,0.17807913930317895,"[0.05557620965660804,0.04838982693218606,0.05549603391954466,0.102727132493672,0.04656549444200352,0.10237612329463808]",30,30,0,8,8,16,24,0,"[{""input_columns"":8,""rank"":8,""deflated"":0},{""input_columns"":8,""rank"":8,""deflated"":0}]",0.3797183754364152,False,,,,,,"{""OP"":[],""PM"":[1.5298237575772184,1.5170044111964156,1.5055690341561874,1.5010460911615937,1.4850167883705783,1.474585235098247]}","{""OP"":0.0,""PM"":0.030242520162163885}","{""OP"":null,""PM"":0.9993993286476558}",results/a23/h1/scene_2003/H1_METRICS.json#/4/metadata,results/a23/h1/scene_2003/H1_METRICS.json#/4/metadata/seed_redundancy/pairwise,results/a23/h1/scene_2003/H1_METRICS.json#/4/metadata/hierarchy/joint_deflation,"all known reference illumination forcing, Kb"
2003,mp,OK,M,CONSTRUCTED,24,4,24,24,4,20,20,4.630923376493591,"[0.9449793397434464,0.9459749956051661,0.9437555654849503,0.9460141308912143,0.9455925172012567,0.9456824195204034,0.9445635095600314,0.9462074529287021,0.9455546147315651,0.9448359369655915,0.9450619956842046,0.9447973041673625,0.9458156311968099,0.9453423178338634,0.9448339506234161,0.9450040397857843,0.9455600603251482,0.9459512736381326,0.9453773189706473,0.9446268167813792,0.9443872221081594,0.9463095987518276,0.9446134502509218,0.9459519180895817]",30,30,0,8,8,16,24,0,"[{""input_columns"":8,""rank"":8,""deflated"":0},{""input_columns"":8,""rank"":8,""deflated"":0}]",,False,,,,,,"{""OM"":[],""PM"":[1.5298237575772184,1.5170044111964156,1.5055690341561874,1.5010460911615937,1.4850167883705783,1.474585235098247]}","{""OM"":0.0,""PM"":0.030242520162163885}","{""OM"":null,""PM"":0.9993993286476558}",results/a23/h1/scene_2003/H1_METRICS.json#/4/metadata,results/a23/h1/scene_2003/H1_METRICS.json#/4/metadata/seed_redundancy/pairwise,results/a23/h1/scene_2003/H1_METRICS.json#/4/metadata/hierarchy/joint_deflation,"independent full-cell real physical-L2 probes, KB"
2003,m_only,OK,O,OMITTED,0,0,0,0,0,0,0,0.0,[],24,24,0,4,8,8,16,0,"[{""input_columns"":4,""rank"":4,""deflated"":0},{""input_columns"":4,""rank"":4,""deflated"":0}]",,False,,,,,,"{""OP"":[],""OM"":[]}","{""OP"":0.0,""OM"":0.0}","{""OP"":null,""OM"":null}",results/a23/h1/scene_2003/H1_METRICS.json#/5/metadata,results/a23/h1/scene_2003/H1_METRICS.json#/5/metadata/seed_redundancy/pairwise,results/a23/h1/scene_2003/H1_METRICS.json#/5/metadata/hierarchy/joint_deflation,"independent fixed whitened-data Gaussian probes, T*S*"
2003,m_only,OK,P,OMITTED,0,0,0,0,0,0,0,0.0,[],24,24,0,4,8,8,16,0,"[{""input_columns"":4,""rank"":4,""deflated"":0},{""input_columns"":4,""rank"":4,""deflated"":0}]",,False,,,,,,"{""OP"":[],""PM"":[]}","{""OP"":0.0,""PM"":0.0}","{""OP"":null,""PM"":null}",results/a23/h1/scene_2003/H1_METRICS.json#/5/metadata,results/a23/h1/scene_2003/H1_METRICS.json#/5/metadata/seed_redundancy/pairwise,results/a23/h1/scene_2003/H1_METRICS.json#/5/metadata/hierarchy/joint_deflation,"all known reference illumination forcing, Kb"
2003,m_only,OK,M,CONSTRUCTED,24,4,24,24,4,20,20,4.630923376493591,"[0.9449793397434464,0.9459749956051661,0.9437555654849503,0.9460141308912143,0.9455925172012567,0.9456824195204034,0.9445635095600314,0.9462074529287021,0.9455546147315651,0.9448359369655915,0.9450619956842046,0.9447973041673625,0.9458156311968099,0.9453423178338634,0.9448339506234161,0.9450040397857843,0.9455600603251482,0.9459512736381326,0.9453773189706473,0.9446268167813792,0.9443872221081594,0.9463095987518276,0.9446134502509218,0.9459519180895817]",24,24,0,4,8,8,16,0,"[{""input_columns"":4,""rank"":4,""deflated"":0},{""input_columns"":4,""rank"":4,""deflated"":0}]",,False,,,,,,"{""OM"":[],""PM"":[]}","{""OM"":0.0,""PM"":0.0}","{""OM"":null,""PM"":null}",results/a23/h1/scene_2003/H1_METRICS.json#/5/metadata,results/a23/h1/scene_2003/H1_METRICS.json#/5/metadata/seed_redundancy/pairwise,results/a23/h1/scene_2003/H1_METRICS.json#/5/metadata/hierarchy/joint_deflation,"independent full-cell real physical-L2 probes, KB"
2003,randomized_transfer,OK,O,NOT_APPLICABLE_NO_CURRENT_SEEDS,,,,,,,,,[],,,,,,,,,[],,,,,,,,{},{},{},results/a23/h1/scene_2003/H1_METRICS.json#/6/metadata,,,
2003,randomized_transfer,OK,P,NOT_APPLICABLE_NO_CURRENT_SEEDS,,,,,,,,,[],,,,,,,,,[],,,,,,,,{},{},{},results/a23/h1/scene_2003/H1_METRICS.json#/6/metadata,,,
2003,randomized_transfer,OK,M,NOT_APPLICABLE_NO_CURRENT_SEEDS,,,,,,,,,[],,,,,,,,,[],,,,,,,,{},{},{},results/a23/h1/scene_2003/H1_METRICS.json#/6/metadata,,,
2003,direct_adjoint,OK,O,NOT_APPLICABLE_NO_CURRENT_SEEDS,,,,,,,,,[],,,,,,,,,[],,,,,,,,{},{},{},results/a23/h1/scene_2003/H1_METRICS.json#/7/metadata,,,
2003,direct_adjoint,OK,P,NOT_APPLICABLE_NO_CURRENT_SEEDS,,,,,,,,,[],,,,,,,,,[],,,,,,,,{},{},{},results/a23/h1/scene_2003/H1_METRICS.json#/7/metadata,,,
2003,direct_adjoint,OK,M,NOT_APPLICABLE_NO_CURRENT_SEEDS,,,,,,,,,[],,,,,,,,,[],,,,,,,,{},{},{},results/a23/h1/scene_2003/H1_METRICS.json#/7/metadata,,,
2014,original_opm,OK,O,CONSTRUCTED,24,4,24,24,4,20,20,14.206174544593285,"[2.5480666591134344,3.7544462004474957,2.4532249792661562,3.2365211192086227,3.0443095079000355,2.4694099414356803,2.3073560878914927,3.0391645532824203,3.752875177323346,2.441197478591623,2.7383084819084793,2.92256985486419,2.782096545850205,2.971594360903004,3.5330094732658712,2.681482617679834,2.168728269209375,3.542082555306261,2.4877036158342105,2.242435323358441,2.5654572536845284,2.5338438637793144,2.9861570617897732,3.477800132699418]",54,54,0,12,8,24,32,0,"[{""input_columns"":12,""rank"":12,""deflated"":0},{""input_columns"":12,""rank"":12,""deflated"":0}]",,False,,,,,,"{""OP"":[0.5308602863629914,0.35677321670638323,0.2756057787970903,0.20618761899888705,0.15208744896468535,0.11091510879887251],""OM"":[1.5691028413610006,1.5637383308222899,1.5541360396249981,1.551537697979804,1.5496154870848589,1.5430329744225604,1.5378510657545483,1.5340719433803682,1.5304005913349428,1.5269357286026843,1.5223920216498164,1.5133517146607762,1.5087129353882127,1.5038586593790817,1.500163514872422,1.4960660494564069,1.490665334529193,1.4836869363821532,1.47806208239783,1.4730975472114112,1.463419514208874,1.4558754126690185,1.4492783027090916,1.4427255743935603]}","{""OP"":5.47053435893067,""OM"":0.12012934462659222}","{""OP"":0.20844284761911766,""OM"":0.9977854632174059}",results/a23/h1/scene_2014/H1_METRICS.json#/0/metadata,results/a23/h1/scene_2014/H1_METRICS.json#/0/metadata/seed_redundancy/pairwise,results/a23/h1/scene_2014/H1_METRICS.json#/0/metadata/hierarchy/joint_deflation,"independent fixed whitened-data Gaussian probes, T*S*"
2014,original_opm,OK,P,CONSTRUCTED,6,4,6,6,4,2,2,0.20885745907781378,"[0.09908935491750452,0.08987802089089111,0.09900788243044874,0.07106955339771602,0.08543298943748052,0.05976990402763818]",54,54,0,12,8,24,32,0,"[{""input_columns"":12,""rank"":12,""deflated"":0},{""input_columns"":12,""rank"":12,""deflated"":0}]",0.4453470258736258,False,,,,,,"{""OP"":[0.5308602863629914,0.35677321670638323,0.2756057787970903,0.20618761899888705,0.15208744896468535,0.11091510879887251],""PM"":[1.5225770714383984,1.5132384580729075,1.50662963808607,1.4947613757969425,1.4826905194354751,1.479140841980789]}","{""OP"":5.47053435893067,""PM"":0.03163424190563379}","{""OP"":0.20844284761911766,""PM"":0.9994215403299578}",results/a23/h1/scene_2014/H1_METRICS.json#/0/metadata,results/a23/h1/scene_2014/H1_METRICS.json#/0/metadata/seed_redundancy/pairwise,results/a23/h1/scene_2014/H1_METRICS.json#/0/metadata/hierarchy/joint_deflation,"all known reference illumination forcing, Kb"
2014,original_opm,OK,M,CONSTRUCTED,24,4,24,24,4,20,20,4.629624149686598,"[0.94337636677777,0.9440161581224853,0.943779939835119,0.9440919766360116,0.9462944145849262,0.9452964856850544,0.9452913964033467,0.9450000141511374,0.944008331287181,0.944169146551578,0.9433280930350735,0.9441554482318366,0.9455280186139098,0.9453187352469046,0.9456551974862734,0.9454013356271064,0.9458628277143095,0.945962486127213,0.9449141202662115,0.9462313545038552,0.9447924203528737,0.9461071917246309,0.9452558521117292,0.9465853379493655]",54,54,0,12,8,24,32,0,"[{""input_columns"":12,""rank"":12,""deflated"":0},{""input_columns"":12,""rank"":12,""deflated"":0}]",,False,,,,,,"{""OM"":[1.5691028413610006,1.5637383308222899,1.5541360396249981,1.551537697979804,1.5496154870848589,1.5430329744225604,1.5378510657545483,1.5340719433803682,1.5304005913349428,1.5269357286026843,1.5223920216498164,1.5133517146607762,1.5087129353882127,1.5038586593790817,1.500163514872422,1.4960660494564069,1.490665334529193,1.4836869363821532,1.47806208239783,1.4730975472114112,1.463419514208874,1.4558754126690185,1.4492783027090916,1.4427255743935603],""PM"":[1.5225770714383984,1.5132384580729075,1.50662963808607,1.4947613757969425,1.4826905194354751,1.479140841980789]}","{""OM"":0.12012934462659222,""PM"":0.03163424190563379}","{""OM"":0.9977854632174059,""PM"":0.9994215403299578}",results/a23/h1/scene_2014/H1_METRICS.json#/0/metadata,results/a23/h1/scene_2014/H1_METRICS.json#/0/metadata/seed_redundancy/pairwise,results/a23/h1/scene_2014/H1_METRICS.json#/0/metadata/hierarchy/joint_deflation,"independent full-cell real physical-L2 probes, KB"
2014,cached_opm,OK,O,CONSTRUCTED,24,4,24,24,4,20,20,14.206174544593283,"[2.5480666591134344,3.754446200447494,2.453224979266156,3.2365211192086227,3.044309507900035,2.469409941435681,2.307356087891491,3.039164553282419,3.752875177323346,2.441197478591624,2.738308481908479,2.9225698548641903,2.782096545850205,2.971594360903003,3.5330094732658712,2.681482617679834,2.168728269209375,3.542082555306263,2.487703615834209,2.2424353233584404,2.565457253684528,2.533843863779315,2.9861570617897737,3.4778001326994175]",54,54,0,12,8,24,32,0,"[{""input_columns"":12,""rank"":12,""deflated"":0},{""input_columns"":12,""rank"":12,""deflated"":0}]",,False,,,,,,"{""OP"":[0.5308602863629919,0.3567732167063839,0.2756057787970899,0.20618761899888727,0.15208744896468565,0.11091510879887254],""OM"":[1.5691028413610002,1.5637383308222892,1.5541360396249977,1.551537697979804,1.5496154870848604,1.5430329744225602,1.5378510657545488,1.534071943380368,1.5304005913349432,1.5269357286026843,1.5223920216498164,1.5133517146607764,1.5087129353882127,1.5038586593790821,1.5001635148724222,1.4960660494564073,1.4906653345291934,1.4836869363821532,1.4780620823978299,1.4730975472114112,1.4634195142088744,1.4558754126690188,1.4492783027090912,1.4427255743935603]}","{""OP"":5.470534358930665,""OM"":0.12012934462659175}","{""OP"":0.20844284761911772,""OM"":0.9977854632174061}",results/a23/h1/scene_2014/H1_METRICS.json#/1/metadata,results/a23/h1/scene_2014/H1_METRICS.json#/1/metadata/seed_redundancy/pairwise,results/a23/h1/scene_2014/H1_METRICS.json#/1/metadata/hierarchy/joint_deflation,"independent fixed whitened-data Gaussian probes, T*S*"
2014,cached_opm,OK,P,CONSTRUCTED,6,4,6,6,4,2,2,0.20885745907781375,"[0.09908935491750448,0.08987802089089116,0.09900788243044872,0.07106955339771605,0.08543298943748058,0.05976990402763819]",54,54,0,12,8,24,32,0,"[{""input_columns"":12,""rank"":12,""deflated"":0},{""input_columns"":12,""rank"":12,""deflated"":0}]",0.44534702587362573,False,,,,,,"{""OP"":[0.5308602863629919,0.3567732167063839,0.2756057787970899,0.20618761899888727,0.15208744896468565,0.11091510879887254],""PM"":[1.5225770714383986,1.5132384580729075,1.50662963808607,1.4947613757969425,1.482690519435475,1.4791408419807888]}","{""OP"":5.470534358930665,""PM"":0.031634241905633825}","{""OP"":0.20844284761911772,""PM"":0.9994215403299578}",results/a23/h1/scene_2014/H1_METRICS.json#/1/metadata,results/a23/h1/scene_2014/H1_METRICS.json#/1/metadata/seed_redundancy/pairwise,results/a23/h1/scene_2014/H1_METRICS.json#/1/metadata/hierarchy/joint_deflation,"all known reference illumination forcing, Kb"
2014,cached_opm,OK,M,CONSTRUCTED,24,4,24,24,4,20,20,4.629624149686598,"[0.9433763667777701,0.9440161581224853,0.943779939835119,0.9440919766360116,0.9462944145849262,0.9452964856850544,0.9452913964033467,0.9450000141511374,0.9440083312871808,0.944169146551578,0.9433280930350735,0.9441554482318366,0.9455280186139098,0.9453187352469045,0.9456551974862734,0.9454013356271065,0.9458628277143095,0.945962486127213,0.9449141202662116,0.9462313545038552,0.9447924203528737,0.9461071917246308,0.9452558521117292,0.9465853379493655]",54,54,0,12,8,24,32,0,"[{""input_columns"":12,""rank"":12,""deflated"":0},{""input_columns"":12,""rank"":12,""deflated"":0}]",,False,,,,,,"{""OM"":[1.5691028413610002,1.5637383308222892,1.5541360396249977,1.551537697979804,1.5496154870848604,1.5430329744225602,1.5378510657545488,1.534071943380368,1.5304005913349432,1.5269357286026843,1.5223920216498164,1.5133517146607764,1.5087129353882127,1.5038586593790821,1.5001635148724222,1.4960660494564073,1.4906653345291934,1.4836869363821532,1.4780620823978299,1.4730975472114112,1.4634195142088744,1.4558754126690188,1.4492783027090912,1.4427255743935603],""PM"":[1.5225770714383986,1.5132384580729075,1.50662963808607,1.4947613757969425,1.482690519435475,1.4791408419807888]}","{""OM"":0.12012934462659175,""PM"":0.031634241905633825}","{""OM"":0.9977854632174061,""PM"":0.9994215403299578}",results/a23/h1/scene_2014/H1_METRICS.json#/1/metadata,results/a23/h1/scene_2014/H1_METRICS.json#/1/metadata/seed_redundancy/pairwise,results/a23/h1/scene_2014/H1_METRICS.json#/1/metadata/hierarchy/joint_deflation,"independent full-cell real physical-L2 probes, KB"
2014,source_anchored_opm,OK,O,CONSTRUCTED,24,4,24,24,4,20,20,17.786224235019834,"[2.7957235107443204,4.307375738290409,3.4159913856379442,4.453261438145531,3.4493318038408556,3.0170122554179373,3.7616793697839723,3.370160129064173,4.480149118628988,2.995391995698029,4.285339512178328,3.3628201156724766,3.4873588514572647,3.9739499074752613,3.747688915571503,3.3312660725657603,4.7782491893088554,4.237222812414343,2.7196196836070663,2.345156825348185,3.020394977033457,3.8400542581884953,3.254206411132613,3.466624241720762]",48,48,0,8,8,16,24,0,"[{""input_columns"":8,""rank"":8,""deflated"":0},{""input_columns"":8,""rank"":8,""deflated"":0}]",,False,,,,,,"{""OP"":[],""OM"":[1.5622816038315392,1.5595091937780825,1.5565574492691077,1.553037859896968,1.5485515263993002,1.5416695996519878,1.5386553753117453,1.533488649687105,1.5277941921392872,1.5216104043276082,1.5170494663890428,1.5115647551683482,1.5085904608728236,1.5020734216232674,1.4991203129731208,1.4951244808369146,1.491351876713059,1.4876556705618371,1.4829750994904471,1.4751689769286072,1.4626875140186963,1.4611989847364946,1.4493457837899988,1.4426613854896326]}","{""OP"":0.0,""OM"":0.11918075087160052}","{""OP"":null,""OM"":0.9977950397755115}",results/a23/h1/scene_2014/H1_METRICS.json#/2/metadata,results/a23/h1/scene_2014/H1_METRICS.json#/2/metadata/seed_redundancy/pairwise,results/a23/h1/scene_2014/H1_METRICS.json#/2/metadata/hierarchy/joint_deflation,"independent fixed whitened-data Gaussian probes, T*S*"
2014,source_anchored_opm,OK,P,STRUCTURAL_ZERO_VERIFIED,6,4,6,0,0,6,0,2.6609786258142894e-15,"[1.0496121533778274e-15,1.1783168266510973e-15,1.0322563225688644e-15,1.1639099394077824e-15,1.023571866293044e-15,1.0596000200786655e-15]",48,48,0,8,8,16,24,0,"[{""input_columns"":8,""rank"":8,""deflated"":0},{""input_columns"":8,""rank"":8,""deflated"":0}]",5.67400811133188e-15,True,True,True,results/a23/h1/scene_2014/H1_METRICS.json#/2/metadata/seed_records/P,5.67400811133188e-15,own saved P construction,"{""OP"":[],""PM"":[]}","{""OP"":0.0,""PM"":0.0}","{""OP"":null,""PM"":null}",results/a23/h1/scene_2014/H1_METRICS.json#/2/metadata,results/a23/h1/scene_2014/H1_METRICS.json#/2/metadata/seed_redundancy/pairwise,results/a23/h1/scene_2014/H1_METRICS.json#/2/metadata/hierarchy/joint_deflation,"all known reference illumination forcing, Kb"
2014,source_anchored_opm,OK,M,CONSTRUCTED,24,4,24,24,4,20,20,4.629469902083504,"[0.9431189269072598,0.9440207002948227,0.9439244993268258,0.9442152009695526,0.9456425037528771,0.9453053755072992,0.9453530774886049,0.9448880584593521,0.9441237915054632,0.9441551902681079,0.9431668034250068,0.9441682927156877,0.9455086407083676,0.9453704268453588,0.9456602151103397,0.9453469378574239,0.945679843130392,0.9459022327383005,0.9452032305407623,0.9460924975335676,0.9447458570378764,0.9462675484106339,0.945289946879129,0.9465177185228589]",48,48,0,8,8,16,24,0,"[{""input_columns"":8,""rank"":8,""deflated"":0},{""input_columns"":8,""rank"":8,""deflated"":0}]",,False,,,,,,"{""OM"":[1.5622816038315392,1.5595091937780825,1.5565574492691077,1.553037859896968,1.5485515263993002,1.5416695996519878,1.5386553753117453,1.533488649687105,1.5277941921392872,1.5216104043276082,1.5170494663890428,1.5115647551683482,1.5085904608728236,1.5020734216232674,1.4991203129731208,1.4951244808369146,1.491351876713059,1.4876556705618371,1.4829750994904471,1.4751689769286072,1.4626875140186963,1.4611989847364946,1.4493457837899988,1.4426613854896326],""PM"":[]}","{""OM"":0.11918075087160052,""PM"":0.0}","{""OM"":0.9977950397755115,""PM"":null}",results/a23/h1/scene_2014/H1_METRICS.json#/2/metadata,results/a23/h1/scene_2014/H1_METRICS.json#/2/metadata/seed_redundancy/pairwise,results/a23/h1/scene_2014/H1_METRICS.json#/2/metadata/hierarchy/joint_deflation,"independent full-cell real physical-L2 probes, KB"
2014,source_anchored_om,OK,O,CONSTRUCTED,24,4,24,24,4,20,20,17.786224235019834,"[2.7957235107443204,4.307375738290409,3.4159913856379442,4.453261438145531,3.4493318038408556,3.0170122554179373,3.7616793697839723,3.370160129064173,4.480149118628988,2.995391995698029,4.285339512178328,3.3628201156724766,3.4873588514572647,3.9739499074752613,3.747688915571503,3.3312660725657603,4.7782491893088554,4.237222812414343,2.7196196836070663,2.345156825348185,3.020394977033457,3.8400542581884953,3.254206411132613,3.466624241720762]",48,48,0,8,8,16,24,0,"[{""input_columns"":8,""rank"":8,""deflated"":0},{""input_columns"":8,""rank"":8,""deflated"":0}]",,False,,,,,,"{""OP"":[],""OM"":[1.5622816038315392,1.5595091937780825,1.5565574492691077,1.553037859896968,1.5485515263993002,1.5416695996519878,1.5386553753117453,1.533488649687105,1.5277941921392872,1.5216104043276082,1.5170494663890428,1.5115647551683482,1.5085904608728236,1.5020734216232674,1.4991203129731208,1.4951244808369146,1.491351876713059,1.4876556705618371,1.4829750994904471,1.4751689769286072,1.4626875140186963,1.4611989847364946,1.4493457837899988,1.4426613854896326]}","{""OP"":0.0,""OM"":0.11918075087160052}","{""OP"":null,""OM"":0.9977950397755115}",results/a23/h1/scene_2014/H1_METRICS.json#/3/metadata,results/a23/h1/scene_2014/H1_METRICS.json#/3/metadata/seed_redundancy/pairwise,results/a23/h1/scene_2014/H1_METRICS.json#/3/metadata/hierarchy/joint_deflation,"independent fixed whitened-data Gaussian probes, T*S*"
2014,source_anchored_om,OK,P,OMITTED,0,0,0,0,0,0,0,0.0,[],48,48,0,8,8,16,24,0,"[{""input_columns"":8,""rank"":8,""deflated"":0},{""input_columns"":8,""rank"":8,""deflated"":0}]",,False,,True,results/a23/h1/scene_2014/H1_METRICS.json#/2/metadata/seed_records/P,5.67400811133188e-15,same-scene source_anchored_opm; this arm omitted P,"{""OP"":[],""PM"":[]}","{""OP"":0.0,""PM"":0.0}","{""OP"":null,""PM"":null}",results/a23/h1/scene_2014/H1_METRICS.json#/3/metadata,results/a23/h1/scene_2014/H1_METRICS.json#/3/metadata/seed_redundancy/pairwise,results/a23/h1/scene_2014/H1_METRICS.json#/3/metadata/hierarchy/joint_deflation,"all known reference illumination forcing, Kb"
2014,source_anchored_om,OK,M,CONSTRUCTED,24,4,24,24,4,20,20,4.629469902083504,"[0.9431189269072598,0.9440207002948227,0.9439244993268258,0.9442152009695526,0.9456425037528771,0.9453053755072992,0.9453530774886049,0.9448880584593521,0.9441237915054632,0.9441551902681079,0.9431668034250068,0.9441682927156877,0.9455086407083676,0.9453704268453588,0.9456602151103397,0.9453469378574239,0.945679843130392,0.9459022327383005,0.9452032305407623,0.9460924975335676,0.9447458570378764,0.9462675484106339,0.945289946879129,0.9465177185228589]",48,48,0,8,8,16,24,0,"[{""input_columns"":8,""rank"":8,""deflated"":0},{""input_columns"":8,""rank"":8,""deflated"":0}]",,False,,,,,,"{""OM"":[1.5622816038315392,1.5595091937780825,1.5565574492691077,1.553037859896968,1.5485515263993002,1.5416695996519878,1.5386553753117453,1.533488649687105,1.5277941921392872,1.5216104043276082,1.5170494663890428,1.5115647551683482,1.5085904608728236,1.5020734216232674,1.4991203129731208,1.4951244808369146,1.491351876713059,1.4876556705618371,1.4829750994904471,1.4751689769286072,1.4626875140186963,1.4611989847364946,1.4493457837899988,1.4426613854896326],""PM"":[]}","{""OM"":0.11918075087160052,""PM"":0.0}","{""OM"":0.9977950397755115,""PM"":null}",results/a23/h1/scene_2014/H1_METRICS.json#/3/metadata,results/a23/h1/scene_2014/H1_METRICS.json#/3/metadata/seed_redundancy/pairwise,results/a23/h1/scene_2014/H1_METRICS.json#/3/metadata/hierarchy/joint_deflation,"independent full-cell real physical-L2 probes, KB"
2014,mp,OK,O,OMITTED,0,0,0,0,0,0,0,0.0,[],30,30,0,8,8,16,24,0,"[{""input_columns"":8,""rank"":8,""deflated"":0},{""input_columns"":8,""rank"":8,""deflated"":0}]",,False,,,,,,"{""OP"":[],""OM"":[]}","{""OP"":0.0,""OM"":0.0}","{""OP"":null,""OM"":null}",results/a23/h1/scene_2014/H1_METRICS.json#/4/metadata,results/a23/h1/scene_2014/H1_METRICS.json#/4/metadata/seed_redundancy/pairwise,results/a23/h1/scene_2014/H1_METRICS.json#/4/metadata/hierarchy/joint_deflation,"independent fixed whitened-data Gaussian probes, T*S*"
2014,mp,OK,P,CONSTRUCTED,6,4,6,6,4,2,2,0.20885745907781375,"[0.09908935491750448,0.08987802089089116,0.09900788243044872,0.07106955339771605,0.08543298943748058,0.05976990402763819]",30,30,0,8,8,16,24,0,"[{""input_columns"":8,""rank"":8,""deflated"":0},{""input_columns"":8,""rank"":8,""deflated"":0}]",0.44534702587362573,False,,,,,,"{""OP"":[],""PM"":[1.5225770714383986,1.5132384580729075,1.50662963808607,1.4947613757969425,1.482690519435475,1.4791408419807888]}","{""OP"":0.0,""PM"":0.031634241905633825}","{""OP"":null,""PM"":0.9994215403299578}",results/a23/h1/scene_2014/H1_METRICS.json#/4/metadata,results/a23/h1/scene_2014/H1_METRICS.json#/4/metadata/seed_redundancy/pairwise,results/a23/h1/scene_2014/H1_METRICS.json#/4/metadata/hierarchy/joint_deflation,"all known reference illumination forcing, Kb"
2014,mp,OK,M,CONSTRUCTED,24,4,24,24,4,20,20,4.629624149686598,"[0.9433763667777701,0.9440161581224853,0.943779939835119,0.9440919766360116,0.9462944145849262,0.9452964856850544,0.9452913964033467,0.9450000141511374,0.9440083312871808,0.944169146551578,0.9433280930350735,0.9441554482318366,0.9455280186139098,0.9453187352469045,0.9456551974862734,0.9454013356271065,0.9458628277143095,0.945962486127213,0.9449141202662116,0.9462313545038552,0.9447924203528737,0.9461071917246308,0.9452558521117292,0.9465853379493655]",30,30,0,8,8,16,24,0,"[{""input_columns"":8,""rank"":8,""deflated"":0},{""input_columns"":8,""rank"":8,""deflated"":0}]",,False,,,,,,"{""OM"":[],""PM"":[1.5225770714383986,1.5132384580729075,1.50662963808607,1.4947613757969425,1.482690519435475,1.4791408419807888]}","{""OM"":0.0,""PM"":0.031634241905633825}","{""OM"":null,""PM"":0.9994215403299578}",results/a23/h1/scene_2014/H1_METRICS.json#/4/metadata,results/a23/h1/scene_2014/H1_METRICS.json#/4/metadata/seed_redundancy/pairwise,results/a23/h1/scene_2014/H1_METRICS.json#/4/metadata/hierarchy/joint_deflation,"independent full-cell real physical-L2 probes, KB"
2014,m_only,OK,O,OMITTED,0,0,0,0,0,0,0,0.0,[],24,24,0,4,8,8,16,0,"[{""input_columns"":4,""rank"":4,""deflated"":0},{""input_columns"":4,""rank"":4,""deflated"":0}]",,False,,,,,,"{""OP"":[],""OM"":[]}","{""OP"":0.0,""OM"":0.0}","{""OP"":null,""OM"":null}",results/a23/h1/scene_2014/H1_METRICS.json#/5/metadata,results/a23/h1/scene_2014/H1_METRICS.json#/5/metadata/seed_redundancy/pairwise,results/a23/h1/scene_2014/H1_METRICS.json#/5/metadata/hierarchy/joint_deflation,"independent fixed whitened-data Gaussian probes, T*S*"
2014,m_only,OK,P,OMITTED,0,0,0,0,0,0,0,0.0,[],24,24,0,4,8,8,16,0,"[{""input_columns"":4,""rank"":4,""deflated"":0},{""input_columns"":4,""rank"":4,""deflated"":0}]",,False,,,,,,"{""OP"":[],""PM"":[]}","{""OP"":0.0,""PM"":0.0}","{""OP"":null,""PM"":null}",results/a23/h1/scene_2014/H1_METRICS.json#/5/metadata,results/a23/h1/scene_2014/H1_METRICS.json#/5/metadata/seed_redundancy/pairwise,results/a23/h1/scene_2014/H1_METRICS.json#/5/metadata/hierarchy/joint_deflation,"all known reference illumination forcing, Kb"
2014,m_only,OK,M,CONSTRUCTED,24,4,24,24,4,20,20,4.629624149686598,"[0.9433763667777701,0.9440161581224853,0.943779939835119,0.9440919766360116,0.9462944145849262,0.9452964856850544,0.9452913964033467,0.9450000141511374,0.9440083312871808,0.944169146551578,0.9433280930350735,0.9441554482318366,0.9455280186139098,0.9453187352469045,0.9456551974862734,0.9454013356271065,0.9458628277143095,0.945962486127213,0.9449141202662116,0.9462313545038552,0.9447924203528737,0.9461071917246308,0.9452558521117292,0.9465853379493655]",24,24,0,4,8,8,16,0,"[{""input_columns"":4,""rank"":4,""deflated"":0},{""input_columns"":4,""rank"":4,""deflated"":0}]",,False,,,,,,"{""OM"":[],""PM"":[]}","{""OM"":0.0,""PM"":0.0}","{""OM"":null,""PM"":null}",results/a23/h1/scene_2014/H1_METRICS.json#/5/metadata,results/a23/h1/scene_2014/H1_METRICS.json#/5/metadata/seed_redundancy/pairwise,results/a23/h1/scene_2014/H1_METRICS.json#/5/metadata/hierarchy/joint_deflation,"independent full-cell real physical-L2 probes, KB"
2014,randomized_transfer,OK,O,NOT_APPLICABLE_NO_CURRENT_SEEDS,,,,,,,,,[],,,,,,,,,[],,,,,,,,{},{},{},results/a23/h1/scene_2014/H1_METRICS.json#/6/metadata,,,
2014,randomized_transfer,OK,P,NOT_APPLICABLE_NO_CURRENT_SEEDS,,,,,,,,,[],,,,,,,,,[],,,,,,,,{},{},{},results/a23/h1/scene_2014/H1_METRICS.json#/6/metadata,,,
2014,randomized_transfer,OK,M,NOT_APPLICABLE_NO_CURRENT_SEEDS,,,,,,,,,[],,,,,,,,,[],,,,,,,,{},{},{},results/a23/h1/scene_2014/H1_METRICS.json#/6/metadata,,,
2014,direct_adjoint,OK,O,NOT_APPLICABLE_NO_CURRENT_SEEDS,,,,,,,,,[],,,,,,,,,[],,,,,,,,{},{},{},results/a23/h1/scene_2014/H1_METRICS.json#/7/metadata,,,
2014,direct_adjoint,OK,P,NOT_APPLICABLE_NO_CURRENT_SEEDS,,,,,,,,,[],,,,,,,,,[],,,,,,,,{},{},{},results/a23/h1/scene_2014/H1_METRICS.json#/7/metadata,,,
2014,direct_adjoint,OK,M,NOT_APPLICABLE_NO_CURRENT_SEEDS,,,,,,,,,[],,,,,,,,,[],,,,,,,,{},{},{},results/a23/h1/scene_2014/H1_METRICS.json#/7/metadata,,,
2009,original_opm,OK,O,CONSTRUCTED,24,4,24,24,4,20,20,15.0665689578706,"[2.870321025924011,2.2955502654908106,3.0502746378411496,2.4671581114657393,4.266413710713332,2.3978144245360333,3.0776237001951294,2.3392255042654813,2.826899819321185,3.1110795815117864,4.181053855038778,2.7401837197066143,3.922881644776528,1.9958348523851404,3.284636567103039,3.5036229410398687,3.1804705440822247,2.9403258724637906,3.419187322146267,3.105762796476997,2.614908478360467,2.46525820517203,3.3204195223887285,3.1736586666182642]",54,54,0,12,8,24,32,0,"[{""input_columns"":12,""rank"":12,""deflated"":0},{""input_columns"":12,""rank"":12,""deflated"":0}]",,False,,,,,,"{""OP"":[0.5056318666613907,0.4117803217837886,0.3355201997203799,0.19337593115854862,0.14288490970460016,0.10663995653755497],""OM"":[1.5675872440402985,1.565939539078534,1.561327378141449,1.5546609129523785,1.5509330825886611,1.5435414238127279,1.5402050281857402,1.5334446877063606,1.5287604365228473,1.5255398289895479,1.5206250678361246,1.5176949138574867,1.511505239665451,1.5047489395474385,1.4997457439921802,1.4988541217730946,1.4898313626494788,1.483550119888309,1.477179225874585,1.4683747009456403,1.4628473035264287,1.4584726141865307,1.446943020655186,1.4431390273223847]}","{""OP"":5.428252384864326,""OM"":0.120036250823304}","{""OP"":0.21966536506086484,""OM"":0.9976894576210396}",results/a23/h1/scene_2009/H1_METRICS.json#/0/metadata,results/a23/h1/scene_2009/H1_METRICS.json#/0/metadata/seed_redundancy/pairwise,results/a23/h1/scene_2009/H1_METRICS.json#/0/metadata/hierarchy/joint_deflation,"independent fixed whitened-data Gaussian probes, T*S*"
2009,original_opm,OK,P,CONSTRUCTED,6,4,6,6,4,2,2,0.2067049649191023,"[0.09894282488370987,0.0941765765646375,0.09915041132743463,0.06171218593142616,0.09037020812791892,0.04756111727962268]",54,54,0,12,8,24,32,0,"[{""input_columns"":12,""rank"":12,""deflated"":0},{""input_columns"":12,""rank"":12,""deflated"":0}]",0.4407572598388085,False,,,,,,"{""OP"":[0.5056318666613907,0.4117803217837886,0.3355201997203799,0.19337593115854862,0.14288490970460016,0.10663995653755497],""PM"":[1.5247598065922725,1.515845920691949,1.5030534219227325,1.4932275134725967,1.4813197557947557,1.4636466757922122]}","{""OP"":5.428252384864326,""PM"":0.0351432123883198}","{""OP"":0.21966536506086484,""PM"":0.9993560687629283}",results/a23/h1/scene_2009/H1_METRICS.json#/0/metadata,results/a23/h1/scene_2009/H1_METRICS.json#/0/metadata/seed_redundancy/pairwise,results/a23/h1/scene_2009/H1_METRICS.json#/0/metadata/hierarchy/joint_deflation,"all known reference illumination forcing, Kb"
2009,original_opm,OK,M,CONSTRUCTED,24,4,24,24,4,20,20,4.628925165594288,"[0.9445610327352787,0.9437204862124045,0.9429655737904361,0.9443275741457692,0.9455190075295917,0.9442788336677119,0.9436606417667174,0.9451972151499306,0.9441345073928399,0.9436391217368874,0.9442434083581976,0.9438351437238163,0.9448903490103312,0.944530987658791,0.945716984183739,0.945893550779617,0.9461598999132811,0.946422650378278,0.9447505001995637,0.9451295740689075,0.9461197814187694,0.9464275156111989,0.9454409988308542,0.9454325183855167]",54,54,0,12,8,24,32,0,"[{""input_columns"":12,""rank"":12,""deflated"":0},{""input_columns"":12,""rank"":12,""deflated"":0}]",,False,,,,,,"{""OM"":[1.5675872440402985,1.565939539078534,1.561327378141449,1.5546609129523785,1.5509330825886611,1.5435414238127279,1.5402050281857402,1.5334446877063606,1.5287604365228473,1.5255398289895479,1.5206250678361246,1.5176949138574867,1.511505239665451,1.5047489395474385,1.4997457439921802,1.4988541217730946,1.4898313626494788,1.483550119888309,1.477179225874585,1.4683747009456403,1.4628473035264287,1.4584726141865307,1.446943020655186,1.4431390273223847],""PM"":[1.5247598065922725,1.515845920691949,1.5030534219227325,1.4932275134725967,1.4813197557947557,1.4636466757922122]}","{""OM"":0.120036250823304,""PM"":0.0351432123883198}","{""OM"":0.9976894576210396,""PM"":0.9993560687629283}",results/a23/h1/scene_2009/H1_METRICS.json#/0/metadata,results/a23/h1/scene_2009/H1_METRICS.json#/0/metadata/seed_redundancy/pairwise,results/a23/h1/scene_2009/H1_METRICS.json#/0/metadata/hierarchy/joint_deflation,"independent full-cell real physical-L2 probes, KB"
2009,cached_opm,OK,O,CONSTRUCTED,24,4,24,24,4,20,20,15.0665689578706,"[2.8703210259240115,2.295550265490809,3.0502746378411483,2.4671581114657406,4.2664137107133335,2.3978144245360324,3.077623700195128,2.3392255042654795,2.8268998193211856,3.1110795815117878,4.181053855038779,2.740183719706614,3.9228816447765293,1.9958348523851408,3.2846365671030404,3.5036229410398705,3.180470544082224,2.9403258724637906,3.419187322146266,3.105762796476998,2.6149084783604675,2.4652582051720318,3.3204195223887285,3.1736586666182656]",54,54,0,12,8,24,32,0,"[{""input_columns"":12,""rank"":12,""deflated"":0},{""input_columns"":12,""rank"":12,""deflated"":0}]",,False,,,,,,"{""OP"":[0.5056318666613903,0.41178032178378865,0.33552019972038044,0.19337593115854879,0.14288490970460016,0.10663995653755505],""OM"":[1.5675872440402994,1.5659395390785344,1.5613273781414496,1.554660912952379,1.5509330825886605,1.5435414238127276,1.5402050281857402,1.5334446877063608,1.5287604365228475,1.525539828989548,1.5206250678361248,1.5176949138574867,1.5115052396654507,1.504748939547438,1.49974574399218,1.498854121773095,1.4898313626494781,1.4835501198883088,1.477179225874585,1.4683747009456405,1.4628473035264287,1.4584726141865303,1.4469430206551863,1.4431390273223847]}","{""OP"":5.428252384864321,""OM"":0.12003625082330407}","{""OP"":0.21966536506086484,""OM"":0.9976894576210396}",results/a23/h1/scene_2009/H1_METRICS.json#/1/metadata,results/a23/h1/scene_2009/H1_METRICS.json#/1/metadata/seed_redundancy/pairwise,results/a23/h1/scene_2009/H1_METRICS.json#/1/metadata/hierarchy/joint_deflation,"independent fixed whitened-data Gaussian probes, T*S*"
2009,cached_opm,OK,P,CONSTRUCTED,6,4,6,6,4,2,2,0.2067049649191023,"[0.0989428248837099,0.09417657656463753,0.0991504113274346,0.06171218593142615,0.0903702081279189,0.04756111727962267]",54,54,0,12,8,24,32,0,"[{""input_columns"":12,""rank"":12,""deflated"":0},{""input_columns"":12,""rank"":12,""deflated"":0}]",0.4407572598388085,False,,,,,,"{""OP"":[0.5056318666613903,0.41178032178378865,0.33552019972038044,0.19337593115854879,0.14288490970460016,0.10663995653755505],""PM"":[1.5247598065922727,1.515845920691949,1.5030534219227325,1.4932275134725965,1.481319755794756,1.4636466757922122]}","{""OP"":5.428252384864321,""PM"":0.03514321238831972}","{""OP"":0.21966536506086484,""PM"":0.9993560687629285}",results/a23/h1/scene_2009/H1_METRICS.json#/1/metadata,results/a23/h1/scene_2009/H1_METRICS.json#/1/metadata/seed_redundancy/pairwise,results/a23/h1/scene_2009/H1_METRICS.json#/1/metadata/hierarchy/joint_deflation,"all known reference illumination forcing, Kb"
2009,cached_opm,OK,M,CONSTRUCTED,24,4,24,24,4,20,20,4.628925165594288,"[0.9445610327352787,0.9437204862124045,0.9429655737904362,0.9443275741457692,0.9455190075295917,0.9442788336677118,0.9436606417667174,0.9451972151499306,0.9441345073928399,0.9436391217368872,0.9442434083581976,0.9438351437238163,0.9448903490103311,0.944530987658791,0.945716984183739,0.945893550779617,0.9461598999132811,0.9464226503782781,0.9447505001995639,0.9451295740689076,0.9461197814187694,0.9464275156111989,0.9454409988308542,0.9454325183855167]",54,54,0,12,8,24,32,0,"[{""input_columns"":12,""rank"":12,""deflated"":0},{""input_columns"":12,""rank"":12,""deflated"":0}]",,False,,,,,,"{""OM"":[1.5675872440402994,1.5659395390785344,1.5613273781414496,1.554660912952379,1.5509330825886605,1.5435414238127276,1.5402050281857402,1.5334446877063608,1.5287604365228475,1.525539828989548,1.5206250678361248,1.5176949138574867,1.5115052396654507,1.504748939547438,1.49974574399218,1.498854121773095,1.4898313626494781,1.4835501198883088,1.477179225874585,1.4683747009456405,1.4628473035264287,1.4584726141865303,1.4469430206551863,1.4431390273223847],""PM"":[1.5247598065922727,1.515845920691949,1.5030534219227325,1.4932275134725965,1.481319755794756,1.4636466757922122]}","{""OM"":0.12003625082330407,""PM"":0.03514321238831972}","{""OM"":0.9976894576210396,""PM"":0.9993560687629285}",results/a23/h1/scene_2009/H1_METRICS.json#/1/metadata,results/a23/h1/scene_2009/H1_METRICS.json#/1/metadata/seed_redundancy/pairwise,results/a23/h1/scene_2009/H1_METRICS.json#/1/metadata/hierarchy/joint_deflation,"independent full-cell real physical-L2 probes, KB"
2009,source_anchored_opm,OK,O,CONSTRUCTED,24,4,24,24,4,20,20,18.362849309895257,"[4.539747130492301,3.000387519604018,3.132938489016222,4.217104535773159,4.992201189320211,2.9546726223870277,2.584286963459915,2.505833012114322,3.272252573096369,3.928591382036321,3.985205066502735,3.9841471137084836,4.896343714638563,2.809141122460524,3.547266851266485,3.275084115166298,3.924529272823543,3.422468178764141,3.0031109884698224,3.6054533524779524,4.389601271790508,3.058337390341922,4.5674649548983925,4.656714570459291]",48,48,0,8,8,16,24,0,"[{""input_columns"":8,""rank"":8,""deflated"":0},{""input_columns"":8,""rank"":8,""deflated"":0}]",,False,,,,,,"{""OP"":[],""OM"":[1.568134869858235,1.563176896199329,1.560201620583332,1.5557244108894726,1.5503320991390823,1.5449886361966092,1.5397213175930122,1.5313112120773718,1.5275381087420412,1.523332557378937,1.5205693342898094,1.5146995465092237,1.5106392700154654,1.5073793895101435,1.499954789419073,1.4944104419620936,1.4896993804736076,1.4812145943973638,1.4780278304462673,1.4713557383782832,1.4675016956427125,1.461595206285586,1.448591782312159,1.4351527231559358]}","{""OP"":0.0,""OM"":0.12092137234930792}","{""OP"":null,""OM"":0.9976922676090263}",results/a23/h1/scene_2009/H1_METRICS.json#/2/metadata,results/a23/h1/scene_2009/H1_METRICS.json#/2/metadata/seed_redundancy/pairwise,results/a23/h1/scene_2009/H1_METRICS.json#/2/metadata/hierarchy/joint_deflation,"independent fixed whitened-data Gaussian probes, T*S*"
2009,source_anchored_opm,OK,P,STRUCTURAL_ZERO_VERIFIED,6,4,6,0,0,6,0,2.678659449439643e-15,"[1.0517077036507918e-15,1.167004430915754e-15,1.0797321903264639e-15,1.1538933766311927e-15,1.0665808812540738e-15,1.0355393312953534e-15]",48,48,0,8,8,16,24,0,"[{""input_columns"":8,""rank"":8,""deflated"":0},{""input_columns"":8,""rank"":8,""deflated"":0}]",5.711708954056389e-15,True,True,True,results/a23/h1/scene_2009/H1_METRICS.json#/2/metadata/seed_records/P,5.711708954056389e-15,own saved P construction,"{""OP"":[],""PM"":[]}","{""OP"":0.0,""PM"":0.0}","{""OP"":null,""PM"":null}",results/a23/h1/scene_2009/H1_METRICS.json#/2/metadata,results/a23/h1/scene_2009/H1_METRICS.json#/2/metadata/seed_redundancy/pairwise,results/a23/h1/scene_2009/H1_METRICS.json#/2/metadata/hierarchy/joint_deflation,"all known reference illumination forcing, Kb"
2009,source_anchored_opm,OK,M,CONSTRUCTED,24,4,24,24,4,20,20,4.628713210392109,"[0.9444085955175175,0.9439010759440273,0.9427558414538977,0.944454918786044,0.9453524223000319,0.9443063813583303,0.9436841970976174,0.94542924940104,0.9439281395780332,0.943444061737471,0.9437934470023571,0.9439663475785508,0.944833453257557,0.9443815820231634,0.9452922047976486,0.9462832010407458,0.945985756709986,0.9463083382616729,0.9445773582582173,0.9451494635856648,0.9462216218061926,0.9464715650363604,0.9454141126980729,0.945614995033115]",48,48,0,8,8,16,24,0,"[{""input_columns"":8,""rank"":8,""deflated"":0},{""input_columns"":8,""rank"":8,""deflated"":0}]",,False,,,,,,"{""OM"":[1.568134869858235,1.563176896199329,1.560201620583332,1.5557244108894726,1.5503320991390823,1.5449886361966092,1.5397213175930122,1.5313112120773718,1.5275381087420412,1.523332557378937,1.5205693342898094,1.5146995465092237,1.5106392700154654,1.5073793895101435,1.499954789419073,1.4944104419620936,1.4896993804736076,1.4812145943973638,1.4780278304462673,1.4713557383782832,1.4675016956427125,1.461595206285586,1.448591782312159,1.4351527231559358],""PM"":[]}","{""OM"":0.12092137234930792,""PM"":0.0}","{""OM"":0.9976922676090263,""PM"":null}",results/a23/h1/scene_2009/H1_METRICS.json#/2/metadata,results/a23/h1/scene_2009/H1_METRICS.json#/2/metadata/seed_redundancy/pairwise,results/a23/h1/scene_2009/H1_METRICS.json#/2/metadata/hierarchy/joint_deflation,"independent full-cell real physical-L2 probes, KB"
2009,source_anchored_om,OK,O,CONSTRUCTED,24,4,24,24,4,20,20,18.362849309895257,"[4.539747130492301,3.000387519604018,3.132938489016222,4.217104535773159,4.992201189320211,2.9546726223870277,2.584286963459915,2.505833012114322,3.272252573096369,3.928591382036321,3.985205066502735,3.9841471137084836,4.896343714638563,2.809141122460524,3.547266851266485,3.275084115166298,3.924529272823543,3.422468178764141,3.0031109884698224,3.6054533524779524,4.389601271790508,3.058337390341922,4.5674649548983925,4.656714570459291]",48,48,0,8,8,16,24,0,"[{""input_columns"":8,""rank"":8,""deflated"":0},{""input_columns"":8,""rank"":8,""deflated"":0}]",,False,,,,,,"{""OP"":[],""OM"":[1.568134869858235,1.563176896199329,1.560201620583332,1.5557244108894726,1.5503320991390823,1.5449886361966092,1.5397213175930122,1.5313112120773718,1.5275381087420412,1.523332557378937,1.5205693342898094,1.5146995465092237,1.5106392700154654,1.5073793895101435,1.499954789419073,1.4944104419620936,1.4896993804736076,1.4812145943973638,1.4780278304462673,1.4713557383782832,1.4675016956427125,1.461595206285586,1.448591782312159,1.4351527231559358]}","{""OP"":0.0,""OM"":0.12092137234930792}","{""OP"":null,""OM"":0.9976922676090263}",results/a23/h1/scene_2009/H1_METRICS.json#/3/metadata,results/a23/h1/scene_2009/H1_METRICS.json#/3/metadata/seed_redundancy/pairwise,results/a23/h1/scene_2009/H1_METRICS.json#/3/metadata/hierarchy/joint_deflation,"independent fixed whitened-data Gaussian probes, T*S*"
2009,source_anchored_om,OK,P,OMITTED,0,0,0,0,0,0,0,0.0,[],48,48,0,8,8,16,24,0,"[{""input_columns"":8,""rank"":8,""deflated"":0},{""input_columns"":8,""rank"":8,""deflated"":0}]",,False,,True,results/a23/h1/scene_2009/H1_METRICS.json#/2/metadata/seed_records/P,5.711708954056389e-15,same-scene source_anchored_opm; this arm omitted P,"{""OP"":[],""PM"":[]}","{""OP"":0.0,""PM"":0.0}","{""OP"":null,""PM"":null}",results/a23/h1/scene_2009/H1_METRICS.json#/3/metadata,results/a23/h1/scene_2009/H1_METRICS.json#/3/metadata/seed_redundancy/pairwise,results/a23/h1/scene_2009/H1_METRICS.json#/3/metadata/hierarchy/joint_deflation,"all known reference illumination forcing, Kb"
2009,source_anchored_om,OK,M,CONSTRUCTED,24,4,24,24,4,20,20,4.628713210392109,"[0.9444085955175175,0.9439010759440273,0.9427558414538977,0.944454918786044,0.9453524223000319,0.9443063813583303,0.9436841970976174,0.94542924940104,0.9439281395780332,0.943444061737471,0.9437934470023571,0.9439663475785508,0.944833453257557,0.9443815820231634,0.9452922047976486,0.9462832010407458,0.945985756709986,0.9463083382616729,0.9445773582582173,0.9451494635856648,0.9462216218061926,0.9464715650363604,0.9454141126980729,0.945614995033115]",48,48,0,8,8,16,24,0,"[{""input_columns"":8,""rank"":8,""deflated"":0},{""input_columns"":8,""rank"":8,""deflated"":0}]",,False,,,,,,"{""OM"":[1.568134869858235,1.563176896199329,1.560201620583332,1.5557244108894726,1.5503320991390823,1.5449886361966092,1.5397213175930122,1.5313112120773718,1.5275381087420412,1.523332557378937,1.5205693342898094,1.5146995465092237,1.5106392700154654,1.5073793895101435,1.499954789419073,1.4944104419620936,1.4896993804736076,1.4812145943973638,1.4780278304462673,1.4713557383782832,1.4675016956427125,1.461595206285586,1.448591782312159,1.4351527231559358],""PM"":[]}","{""OM"":0.12092137234930792,""PM"":0.0}","{""OM"":0.9976922676090263,""PM"":null}",results/a23/h1/scene_2009/H1_METRICS.json#/3/metadata,results/a23/h1/scene_2009/H1_METRICS.json#/3/metadata/seed_redundancy/pairwise,results/a23/h1/scene_2009/H1_METRICS.json#/3/metadata/hierarchy/joint_deflation,"independent full-cell real physical-L2 probes, KB"
2009,mp,OK,O,OMITTED,0,0,0,0,0,0,0,0.0,[],30,30,0,8,8,16,24,0,"[{""input_columns"":8,""rank"":8,""deflated"":0},{""input_columns"":8,""rank"":8,""deflated"":0}]",,False,,,,,,"{""OP"":[],""OM"":[]}","{""OP"":0.0,""OM"":0.0}","{""OP"":null,""OM"":null}",results/a23/h1/scene_2009/H1_METRICS.json#/4/metadata,results/a23/h1/scene_2009/H1_METRICS.json#/4/metadata/seed_redundancy/pairwise,results/a23/h1/scene_2009/H1_METRICS.json#/4/metadata/hierarchy/joint_deflation,"independent fixed whitened-data Gaussian probes, T*S*"
2009,mp,OK,P,CONSTRUCTED,6,4,6,6,4,2,2,0.2067049649191023,"[0.0989428248837099,0.09417657656463753,0.0991504113274346,0.06171218593142615,0.0903702081279189,0.04756111727962267]",30,30,0,8,8,16,24,0,"[{""input_columns"":8,""rank"":8,""deflated"":0},{""input_columns"":8,""rank"":8,""deflated"":0}]",0.4407572598388085,False,,,,,,"{""OP"":[],""PM"":[1.5247598065922727,1.515845920691949,1.5030534219227325,1.4932275134725965,1.481319755794756,1.4636466757922122]}","{""OP"":0.0,""PM"":0.03514321238831972}","{""OP"":null,""PM"":0.9993560687629285}",results/a23/h1/scene_2009/H1_METRICS.json#/4/metadata,results/a23/h1/scene_2009/H1_METRICS.json#/4/metadata/seed_redundancy/pairwise,results/a23/h1/scene_2009/H1_METRICS.json#/4/metadata/hierarchy/joint_deflation,"all known reference illumination forcing, Kb"
2009,mp,OK,M,CONSTRUCTED,24,4,24,24,4,20,20,4.628925165594288,"[0.9445610327352787,0.9437204862124045,0.9429655737904362,0.9443275741457692,0.9455190075295917,0.9442788336677118,0.9436606417667174,0.9451972151499306,0.9441345073928399,0.9436391217368872,0.9442434083581976,0.9438351437238163,0.9448903490103311,0.944530987658791,0.945716984183739,0.945893550779617,0.9461598999132811,0.9464226503782781,0.9447505001995639,0.9451295740689076,0.9461197814187694,0.9464275156111989,0.9454409988308542,0.9454325183855167]",30,30,0,8,8,16,24,0,"[{""input_columns"":8,""rank"":8,""deflated"":0},{""input_columns"":8,""rank"":8,""deflated"":0}]",,False,,,,,,"{""OM"":[],""PM"":[1.5247598065922727,1.515845920691949,1.5030534219227325,1.4932275134725965,1.481319755794756,1.4636466757922122]}","{""OM"":0.0,""PM"":0.03514321238831972}","{""OM"":null,""PM"":0.9993560687629285}",results/a23/h1/scene_2009/H1_METRICS.json#/4/metadata,results/a23/h1/scene_2009/H1_METRICS.json#/4/metadata/seed_redundancy/pairwise,results/a23/h1/scene_2009/H1_METRICS.json#/4/metadata/hierarchy/joint_deflation,"independent full-cell real physical-L2 probes, KB"
2009,m_only,OK,O,OMITTED,0,0,0,0,0,0,0,0.0,[],24,24,0,4,8,8,16,0,"[{""input_columns"":4,""rank"":4,""deflated"":0},{""input_columns"":4,""rank"":4,""deflated"":0}]",,False,,,,,,"{""OP"":[],""OM"":[]}","{""OP"":0.0,""OM"":0.0}","{""OP"":null,""OM"":null}",results/a23/h1/scene_2009/H1_METRICS.json#/5/metadata,results/a23/h1/scene_2009/H1_METRICS.json#/5/metadata/seed_redundancy/pairwise,results/a23/h1/scene_2009/H1_METRICS.json#/5/metadata/hierarchy/joint_deflation,"independent fixed whitened-data Gaussian probes, T*S*"
2009,m_only,OK,P,OMITTED,0,0,0,0,0,0,0,0.0,[],24,24,0,4,8,8,16,0,"[{""input_columns"":4,""rank"":4,""deflated"":0},{""input_columns"":4,""rank"":4,""deflated"":0}]",,False,,,,,,"{""OP"":[],""PM"":[]}","{""OP"":0.0,""PM"":0.0}","{""OP"":null,""PM"":null}",results/a23/h1/scene_2009/H1_METRICS.json#/5/metadata,results/a23/h1/scene_2009/H1_METRICS.json#/5/metadata/seed_redundancy/pairwise,results/a23/h1/scene_2009/H1_METRICS.json#/5/metadata/hierarchy/joint_deflation,"all known reference illumination forcing, Kb"
2009,m_only,OK,M,CONSTRUCTED,24,4,24,24,4,20,20,4.628925165594288,"[0.9445610327352787,0.9437204862124045,0.9429655737904362,0.9443275741457692,0.9455190075295917,0.9442788336677118,0.9436606417667174,0.9451972151499306,0.9441345073928399,0.9436391217368872,0.9442434083581976,0.9438351437238163,0.9448903490103311,0.944530987658791,0.945716984183739,0.945893550779617,0.9461598999132811,0.9464226503782781,0.9447505001995639,0.9451295740689076,0.9461197814187694,0.9464275156111989,0.9454409988308542,0.9454325183855167]",24,24,0,4,8,8,16,0,"[{""input_columns"":4,""rank"":4,""deflated"":0},{""input_columns"":4,""rank"":4,""deflated"":0}]",,False,,,,,,"{""OM"":[],""PM"":[]}","{""OM"":0.0,""PM"":0.0}","{""OM"":null,""PM"":null}",results/a23/h1/scene_2009/H1_METRICS.json#/5/metadata,results/a23/h1/scene_2009/H1_METRICS.json#/5/metadata/seed_redundancy/pairwise,results/a23/h1/scene_2009/H1_METRICS.json#/5/metadata/hierarchy/joint_deflation,"independent full-cell real physical-L2 probes, KB"
2009,randomized_transfer,OK,O,NOT_APPLICABLE_NO_CURRENT_SEEDS,,,,,,,,,[],,,,,,,,,[],,,,,,,,{},{},{},results/a23/h1/scene_2009/H1_METRICS.json#/6/metadata,,,
2009,randomized_transfer,OK,P,NOT_APPLICABLE_NO_CURRENT_SEEDS,,,,,,,,,[],,,,,,,,,[],,,,,,,,{},{},{},results/a23/h1/scene_2009/H1_METRICS.json#/6/metadata,,,
2009,randomized_transfer,OK,M,NOT_APPLICABLE_NO_CURRENT_SEEDS,,,,,,,,,[],,,,,,,,,[],,,,,,,,{},{},{},results/a23/h1/scene_2009/H1_METRICS.json#/6/metadata,,,
2009,direct_adjoint,OK,O,NOT_APPLICABLE_NO_CURRENT_SEEDS,,,,,,,,,[],,,,,,,,,[],,,,,,,,{},{},{},results/a23/h1/scene_2009/H1_METRICS.json#/7/metadata,,,
2009,direct_adjoint,OK,P,NOT_APPLICABLE_NO_CURRENT_SEEDS,,,,,,,,,[],,,,,,,,,[],,,,,,,,{},{},{},results/a23/h1/scene_2009/H1_METRICS.json#/7/metadata,,,
2009,direct_adjoint,OK,M,NOT_APPLICABLE_NO_CURRENT_SEEDS,,,,,,,,,[],,,,,,,,,[],,,,,,,,{},{},{},results/a23/h1/scene_2009/H1_METRICS.json#/7/metadata,,,
